track_id,tsne-one,tsne-two,tsne-three
3UMpcCyG1Dj0yDb377vu2K,3.5585997,-3.7439156,-5.592712
3x4KIuoye6F12loCFckCX3,-1.1792207,-0.61111397,9.703927
70NxaxjB8IjX4YxXbT90iX,-6.103945,-1.5104733,2.531744
3tcoEYOZUHKB3RKNByIN13,3.638174,-3.6623368,-5.857757
3QybPutx0Tjk472bBKjNWn,-1.8074946,2.3537474,9.01377
2bSk87AVkCIIC3Bcligq1z,3.3515515,-2.0360003,2.9774168
5PTG6rrL6EPFD9E2QMI2pl,0.112680726,-5.3136997,-5.035737
5lf3ajySox32qFvGEf2TFM,4.8066645,4.7782407,-0.67371714
27a1mYSG5tYg7dmEjWBcmL,-6.3353558,-1.5759625,-2.642557
2xLMifQCjDGFmkHkpNLD9h,-7.545531,1.3147887,0.036236048
0U06Yqe0nkkJlptlr7O4uO,3.256858,-4.7872305,-4.533408
7ycWLEP1GsNjVvcjawXz3z,8.183038,1.0694412,-0.040726066
628Ueb4sRiXApObhcU9iPU,-6.194035,-1.592249,2.3883593
0TlLq3lA83rQOYtrqBqSct,3.494811,-2.256689,3.376265
4q8JUr4eOWAxVeI4NqWz4s,-0.102152705,1.1029024,10.163041
6vN77lE9LK6HP2DewaN6HZ,5.100512,-7.2923355,-0.8635266
0Fpen1PTuEnCmOJtUU9Iud,-7.7377105,1.3244052,-0.8562339
0B8QzDH7YWih85V5SEMnyJ,4.1116652,-2.0861042,0.23981741
6Q1NPLtp9IzcXmCutp3Qmo,3.7936122,-2.2284663,0.40601152
1f5cbQtDrykjarZVrShaDI,-2.9699893,3.2114758,-3.526933
7sO5G9EABYOXQKNPNiE9NR,4.3124113,-1.0356642,2.8038244
2ZLSnT49tvHVEhrhsrw483,-6.578724,0.2429498,-0.3685433
3LUPftNsM4KOk7kINY8keB,2.8045483,-2.0915165,-2.1220422
33tNYw9oMtSkGe27NpgS64,-5.4908457,-1.873391,1.0036925
4S8d14HvHb70ImctNgVzQQ,2.9717429,-4.0116243,2.0803163
1BxkZE73h9BN3qwuA15TA3,-3.6130857,3.2280674,6.036914
59J5nzL1KniFHnU120dQzt,5.366054,4.0262,-1.4606745
20bLudc6r1NChyZcrjRd7T,5.1224008,-1.5282382,-0.4398318
4B8T2F8aKcuMW6EmNnbMY9,2.6312149,-3.9331157,2.520692
1u8W15iCBmS1dK4cNrBHgk,-0.6003251,2.4942665,7.5437536
2XaInsPPUkZRkY4uFJ3AHK,-4.358735,-1.2700853,2.4648457
4DTpngLjoHj5gFxEZFeD3J,2.9458652,-1.8758823,-2.091019
6wWaVoUOzLQJHd3bWAUpdZ,1.5183979,-3.6560373,-5.422839
6yz0Jndhv0QjKdpcEMbOjz,3.783324,-2.5293202,-2.1943018
4mHgYpuGHu99Mw69E83CP2,7.1996717,2.0371277,-0.4489751
0JYAsQJWIuaYUvZGF1qapT,-5.328758,2.7301877,-5.8967533
69PkhA9q3xCWU2CzoZnLAu,2.6478727,-4.2480116,-4.466446
1rlIrbWboTRGeKfHhgbJRZ,5.135099,5.055872,-1.4394698
7l3E7lcozEodtVsSTCkcaA,0.3089014,0.6958503,1.8599112
3edzl4zvKFi0D3iuF6cs2f,-6.8489637,0.21216108,-2.6493475
4MAsYGSgxsaj73dC2lvFC4,-5.440667,-1.9046369,0.9568738
3F57PtOdqRpD6euFYqtKXX,2.5655956,-4.0985694,2.3131223
1dQ84P0W0lOckT02lPEhhP,6.0379405,5.8807645,-1.0321558
2jBQmxZpQxF8jJfEdjJ9Qv,-6.922037,2.0865157,-4.098185
04MLEeAMuV9IlHEsD8vF6A,-6.207098,-1.6994902,-2.4362652
0UgavZ34yLBu8LtA6Bwxch,4.6380477,-1.875701,-1.7707385
4XRNrCApRBIeOZ5bYqo4lE,4.8341436,-8.00832,1.3997928
3bJS7RCjB6aNp5J219AmN3,-0.6283848,-6.7875,3.6166065
20BSdaBpIUvUv6PUvqJN8l,2.6003726,-2.7163048,3.8451226
1jQvUmf16VE9WQCPuK2e8K,-4.134211,2.0651636,8.903622
6f5i916F3jU6BhOOD7iGqf,-0.40089875,0.4831263,10.54478
3sHPSPSfMzziQD1v6U6vz0,7.0397677,-0.6065723,-0.21157983
70QV2FCEWH7SZK6wZJtXLk,1.9012994,-3.3331704,-4.8458543
7rC5Pl8rQSX4myONQHYPBK,7.2478094,1.2584225,-0.85948694
0kCBorRrKZkSztd9m0QI3r,6.2789783,-1.4793427,-0.17801717
0CBQ0m3mufWH75LTYB3s6h,-0.66521066,6.8562117,-5.681645
3wScL5W8H40zzCKN0atfBk,-0.6471879,6.779496,-5.639396
10I3CmmwT0BkOVhduDy53o,-4.2360888,-0.48404628,3.0015414
1iPBD72u3nAyFEeardYuBV,0.93764347,1.5947211,9.843433
7d6XJZjnm7iWcKwYL9z5kC,1.1671872,1.842072,9.621823
2NRGaA1GyCmTYfm2GRPkUe,-1.7058218,0.25381812,10.730039
429JfLMd92ya7rs0azUkQA,-6.4290037,-1.2769865,-2.9907112
5YEOzOojehCqxGQCcQiyR4,-5.550376,3.5746567,-4.318616
4BWxam2NKT4KKu7crGUVo3,-5.6254635,0.22021103,-3.305808
3etxMncvnemdyJlDVBuIat,-1.9918076,1.291591,-9.470412
1hOoLI7psTWFbQ0oCNfcSF,4.1448493,-2.2658565,-1.824665
0ibOcbkp2XG46Do8jcy0bL,0.2871546,-5.194744,-4.7716084
0chpIFSjgfd1CPrAxM7PWp,5.2840633,-5.5531397,4.8130517
14mHfNsSHN0FbLftyjrV9g,-6.536134,-1.0050632,-1.3892133
5hTpBe8h35rJ67eAWHQsJx,5.141317,-7.3133097,-0.90364677
1cTZMwcBJT0Ka3UJPXOeeN,-7.1364985,5.93789,1.2646827
2G7V7zsVDxg1yRsu7Ew9RJ,5.843568,6.27779,-0.73840654
5IaHrVsrferBYDm0bDyABy,3.8438146,-1.3003646,3.1523688
2vs5ubqg8QUbfyWZpMfvWe,5.1327443,3.2878652,-2.0617995
2EhJijFUs0WUmNClDBpYJq,4.803916,-7.706406,-0.80801916
30z4LVkScpeNhwHFIB8Ewa,1.557957,-0.4180448,-8.294454
4zLOwx1yRJXWkHKt1XzF1p,4.406271,0.21743435,6.013379
39Bq9cOTO0H8M6P9iKLVdq,-7.8903737,5.613046,1.5545269
2e3oSed7fWKJ63VCxtMAAH,1.9875748,-2.689555,3.5588853
7BbJw7SeLDxB9ywy6EZjA2,-5.6743174,2.6222343,-6.5997715
1B4gJRq61xTs6r1O0Uq2iY,2.7772121,-4.1691017,-4.396627
5gub2bpJRgJP4m4MliqtdV,1.4229974,1.2668589,10.051218
27P4XoNXXEV4lTc3sB61RK,1.1431984,1.9891934,9.699678
48t1aADyfDbDA3TzxqQHrN,-5.7936687,-2.8500233,-0.028379181
5274I4mUMnYczyeXkGDWZN,-1.8713822,-7.0011997,-0.3616903
5ExHDzOoOhC4xZGPh9zyQZ,5.364686,-5.3687015,4.5336256
75lcPkAkUsKWHGBlGM476R,4.095033,-2.4558234,-2.2498398
1fvCggAYrW0VtCljtqv4h2,5.885366,5.491699,-1.330316
22ykS8KWpd2r4zcRZ0XMK5,6.3558745,-4.9839096,2.792611
1fewSx2d5KIZ04wsooEBOz,7.372673,0.030831128,-0.74285
0JRn9gyDQeW9VjW4S126tT,0.36038837,1.1085567,10.119909
5eq8CDTzJIOq0aMtwbp5Gn,0.90521866,-4.653212,-5.599466
2TxIZb5ZKd8Rb10q62n4Fq,3.7185822,-3.551871,-6.1770296
4mt4VMndCT5kP2GwXKcECc,-7.654911,1.1147591,-1.3642731
4qKcDkK6siZ7Jp1Jb4m0aL,2.7854726,-4.086006,-4.2687907
26URbmR1pY1Fy5ZYdH2bi3,-8.1436205,5.49764,1.5767709
0tMhVRGuPn1rmn3kzVIPLk,-7.9331203,5.5881968,1.5920951
6bMIExEulvwM2X6zsuiYwr,-8.013628,5.5752363,1.6415213
6kl1qtQXQsFiIWRBK24Cfp,-0.06359626,0.68588924,1.7013615
6xhblLundMJAiG9jF7nlxs,-6.759513,0.55142343,-2.7979622
6n4U3TlzUGhdSFbUUhTvLP,-7.4185987,1.2108345,0.25484234
1XRgIKC5TPwo7nWGyKqgG0,-5.007314,-1.2252673,1.602456
04iHyjuODvU57m4c5MdFv5,2.7080147,-2.9815447,3.709954
3V8sM5OOG6YfDuDLa2IIYJ,-5.1684165,-5.0300775,-3.087179
4r4PJQBHAE0bIKCjunhTgd,1.7205273,3.92068,9.82853
2IRZnDFmlqMuOrYOLnZZyc,7.2865744,1.3897116,-0.70951545
6SAKXCj5jyF6IgPCPbZ5ra,-4.009946,2.0130892,8.920021
4Y7zwyG1XrwRYXsBqUtQGp,-4.5555906,1.1502768,-2.990755
2jJqx7SPGBonJGSHMejEXP,-1.0874069,0.23963201,10.628405
7g7raxdQpiLZT7aOlib4S1,-5.077041,-1.4589695,1.4867715
17AS0y6FnHdYImAPUydAJg,2.914322,-3.1284487,4.5229325
1lVohKoFNWaPL6EzznHbvn,-1.831827,5.207694,7.773069
6emZxtfjGssHVoUvo0qhhS,-5.6068673,2.3874567,-6.7969575
2Zy7XVdxyZQB8xp5xbpJdl,-4.9475403,7.0932355,-6.238981
4EDmwV0cTLJ31s9sLQ1x2p,7.3713336,-3.0173883,5.4860787
6uSSupG4TMu3vW8QgynAB6,-6.941351,-3.7360861,-2.180337
7yF0ULfXKAxBL04iMSHUxs,3.4375436,-5.2715034,-1.7134508
25rc1PFgPvtV6GFSloyOI0,-8.288499,1.4796981,1.3079892
7xVLFuuYdAvcTfcP3IG3dS,-7.12425,1.4283818,0.84630674
4vZholApktjICOlbFVhls9,-6.779544,-0.13308907,-3.4173613
0AluA5RNsa4Cx6XRhf2hWZ,6.059478,-3.5334518,2.3550386
156LzfvMNKuXuiot4uzhGD,3.5385337,-1.7459875,3.45648
1ek6hIy0bOJ92bDTuF4zwl,7.0231667,1.2687191,-1.0218662
6MWtB6iiXyIwun0YzU6DFP,0.7835013,1.5113224,9.931966
1BuZAIO8WZpavWVbbq3Lci,-7.750028,1.4615752,-0.65505123
5gQcxYXqnofyocKgEbGYKt,6.0649943,3.0855598,-0.31070393
2UVbBKQOdFAekPTRsnkzcf,-5.831669,-2.9368672,-0.09256885
1ZAyjvIk9YiD76yYy0TEG6,3.9622188,-0.9468249,2.971245
2ANLarE8yHVsLWW21nj79M,9.416282,0.19409016,2.507947
2eAZfqOm4EnOF9VvN50Tyc,-2.9692261,5.523118,-3.1702843
2ZdCrBA52bb4pIG3tOOZiQ,-4.70622,-1.0858473,1.8881991
0uxSUdBrJy9Un0EYoBowng,-2.954899,3.2809846,-3.4830432
3DoBTwfr8yi2LN08SBpFkN,3.440461,5.9945107,0.80697954
7GX5flRQZVHRAGd6B4TmDO,-5.2422614,-5.2313094,-1.2376397
0RyWaVjR8Mi4Qx9J3IiiqF,-5.718872,1.4744701,-2.804576
55Q46o5adtSobImSKrrlqW,-5.59913,1.6364768,-0.6362188
1MNdfH2KC5LdEde3JPJ513,3.7882166,-2.199877,0.973006
69M9QCMsCQ5MLsw7BBW0rL,1.7827414,-1.718316,5.427136
3aJ66zarLOVW4o2nPDxg0g,1.3569783,-2.2995124,5.683682
1gGsNNUfvVMOv4llVMg8Vg,9.454234,-2.4097984,1.7899275
6FfyYWFEk4zd7CgvjBa2ZK,2.871144,-0.5125995,5.8522563
7egGWCqoxtAuo7QgsWw3tm,3.7711377,-0.65610844,6.0146465
4IWGnyOHDrVZEtPWfs4s7q,-4.412972,-0.75851893,2.743424
4uhvMW7ly7tJil31YYscAN,0.9428998,-1.240885,-4.030711
2yuyaYAELoMG4ApV5wJsWR,2.3979208,-3.9100986,3.7852695
2Z9wPJaKys1LAOlcBtjvOU,2.9350066,-2.893792,3.8224738
44MFUuNGtBuB00LjDUnHE0,2.8713577,-2.799792,3.753398
2Sjm7A6JATOrnlybKFX4Vb,-0.79184556,-6.854198,3.4065576
6CfrYuD3YRDYdYvH9jNtXY,0.31828284,1.9562278,-9.47913
2jTujnt0y344ai1rNOywgr,2.0154808,-2.1659036,3.556753
2bjwRfXMk4uRgOD9IBYl9h,2.8751585,-4.742447,3.4509223
7bJ4mu7MHa3rHiNyKjOoSl,3.787573,-3.445547,-6.3978386
4XoP1AkbOurU9CeZ2rMEz2,0.9574097,3.8118415,8.985919
5qHirGR7M9tdm6C17DlzSY,5.2706995,-4.2454658,3.9338732
6nO3tr47nr2P7f3hXb8JIo,-6.250595,-2.7137215,-2.1462305
7zxRMhXxJMQCeDDg0rKAVo,-4.478097,-5.773157,-1.1043495
5qbcsZMwL0x46sX7VO37Ye,-2.465378,-4.164409,5.6311784
6urLjX35oXXRYtcH1b3dCh,-2.105333,-1.4686729,4.5772243
7JGyxh8G8QZnu4AMJuCqlj,-4.88028,-2.0382924,4.64135
7CWiWkccuRRdrmaW6AjVEf,-1.7810078,4.3186283,-5.1008
2QKBvCMHdokPoy2b44dK2m,-5.030628,0.4192133,4.523737
3SEd8nPd8MpGwk6ZZ8tk2j,-4.881549,0.41605493,4.564099
0KaA33vmmUEY77YD6L3KFi,-1.8033484,4.1385913,8.684531
49SrrLoFCJgy3zHMq3COto,-2.384059,5.374714,7.105775
2ya9d4B06EQ8Fpj5SSqiTH,5.8049064,-3.2617643,-0.7236845
78sr3ogs4UzITcCNbXM9cM,-5.1331687,-4.9762335,-3.0721545
5nN8BwAQDJDguq7Dpd3JQQ,-0.40286416,-7.948997,1.8653685
2KBzUcKeNdsujWiK3djHvd,-4.562397,-6.144866,4.111946
2onCHFrhTinyUc6OawwU4Z,6.6984024,-3.2236009,3.5488768
49zD0wr2S3d0lZPib0K4e1,3.1423953,-1.3438376,-5.8910823
5rqfg8Hz5D1aCcn2XUxzNA,7.1255584,-2.5260103,5.7550154
5Z2S8VemQCfM02SLq8o5cR,6.6669536,-3.242572,3.66459
537l7spEsGg6aWl6Y9eKAs,-5.9679174,-2.710513,3.7965038
1EuVCg1G7fVjuhKurU7m2b,4.181333,-4.147768,5.400462
4w2t054I46rM21oe3y5Qas,-1.6508839,-4.128343,5.6303725
6ytguNuHyIOozRmBOXPjns,-2.786831,-5.600518,4.3495097
3CA9pLiwRIGtUBiMjbZmRw,-4.238002,6.974461,-0.19680259
433P7tDcIAi6NLnf4Sh6tI,8.415363,4.7248545,-2.1811292
6oF3Es1YzzmLKjGBfThUvD,-0.7930895,4.544613,8.626068
5NFYuqu8V6QXc6mzcLImd6,2.2666016,1.1201612,-7.9122763
6V2D8Lls36APk0THDjBDfE,1.6201568,2.5719523,8.902999
23NWj2izXAJ4yL6Nah73wf,4.9573355,-3.5144033,1.5673829
4NdXQlDTzxbOMkzJGWFtz3,6.4443626,-6.2906985,1.1389318
7EOgYEXi2w5SOcNVCjCvzy,-3.524612,5.2126822,-5.174686
646iHsrMsAeI48Z2qU8WKf,-3.941286,4.908501,-7.772101
0z5jiuz3oC84uqta6qwq02,-1.0505328,-5.5416093,-2.1478598
0xeX14cDYPUduj2964zeWX,-3.235423,3.283512,-9.390126
3CmxmmW6zSaycW5vYac52q,-4.6320567,1.2146719,6.907323
5J5PXmMdQ2nh1lZOal8KmK,-4.4326053,5.316022,-4.5769386
0Y0TOsE1q11qgbi7c5WZsG,-1.5811632,-7.932857,1.5673457
3K184Hj0TOFKO3v7TA5u92,-0.11276701,5.148101,6.8708143
0UNeNA0dcfUMsGxvLwf2p3,6.5141015,5.8586626,0.042438135
3Qu1n0MaKSM8dpHzl6hLpX,5.293574,2.2762654,1.3250811
6j97zG4DDrh3oUa6rZbFOs,0.024840973,2.934886,10.004436
0VgkVdmE4gld66l8iyGjgx,2.5146332,-7.731627,2.644597
7wcyO1rrH3Ru4t659IjG41,-1.7201473,-5.0002084,-1.1607084
3WRIaWsws011vHMd9uzPjG,-4.3804727,-4.2821126,1.8479545
7EiZI6JVHllARrX9PUvAdX,4.064601,-8.968876,-4.299128
6BbINUfGabVyiNFJpQXn3x,2.426353,1.8251673,-7.9085383
2d8JP84HNLKhmd6IYOoupQ,-3.0557098,1.808887,-6.790425
0ESJlaM8CE1jRWaNtwSNj8,1.6903859,1.7181731,-7.228888
6gBFPUFcJLzWGx4lenP6h2,-6.445503,3.3447356,-0.27209312
1cZlBZwnwGPtYeRIeQcoFh,0.98234075,-2.2691705,1.998628
4vaxvNDaLSoD36iZX515ug,5.217289,-3.735081,3.1838121
4Km5HrUvYTaSUfiSGPJeQR,-4.683465,-0.02594878,5.8871975
5wihevBA7MO9PNYyWyTfkh,-0.08455764,-2.53151,4.251322
7sO0dVFCfixpLshm4daMH3,-4.337462,-1.0925179,4.647737
6p8NuHm8uCGnn2Dtbtf7zE,2.6163962,-1.1375805,-6.3404846
7KOlJ92bu51cltsD9KU5I7,2.4615214,-1.1261408,-6.3270564
4oLuMvGQ4WJfU2s4OM6nfE,-4.220524,-4.0098248,-2.3657587
76Y0gxtTxN0FyDCYh5qYQj,2.5414672,-1.1508806,-6.33197
1DAl49mec3YC7a3Yc86Gz2,0.12697063,-3.146054,4.997698
0tISnxqgVmxqhVghsTi2Rr,-0.15018569,-3.2599227,4.3986907
7tk5tOCj84jine8kKJkPYs,-0.9465813,-3.2758706,4.238096
5NAMZI9lVhxNa6AZp3iQVH,-1.5556481,4.392453,8.65516
7rPLYmabWMobWhoIqZe6rh,4.1936707,-6.5171137,2.2295718
4vULFpGH9sCBdCfCC6p3Xo,7.176083,5.51296,0.20347872
6k2iq1yULhXILe0i8xQqPF,-4.1415024,2.0908897,8.877113
6Gy7rXB6Ku5vIWC7WGWsl3,-0.32277548,3.0093002,10.096289
0jAfdqv18goRTUxm3ilRjb,-6.895069,-3.6927316,-2.2005243
1AH60dMaEfNjzDoUIFwIQi,-3.1802568,-1.6047751,5.362313
2vaMWMPMgsWX4fwJiKmdWm,-4.3331685,-2.2087464,-4.952851
2rMFawCg4BW65jzbwztXAV,-5.5871296,2.5612733,4.3507123
6Yqmv7XJLCrQEauMbPGZSw,-5.1999717,2.8612504,4.5623055
1wHZx0LgzFHyeIZkUydNXq,-2.9273407,-0.46625203,4.365758
3xby7fOyqmeON8jsnom0AT,-5.432733,2.8024638,4.413294
2hiuiI3ac0I5kJWtkeGHEL,-4.938431,0.4959441,4.574489
2dJ4rGtsOHOgvTQawsCRtg,-4.9745297,2.151067,4.8423705
2D2w9943rsnJOGCrI4aMQp,3.3904912,-9.140479,-3.8055587
5u6vkDnOyaf8LsteDAj2ub,6.903277,4.2805643,2.6859062
0yZ1dsAQJvGiVrO8VJhRxw,-2.2439349,-4.8919125,7.730848
3rEB4RNSXvE90GzvdjZsYz,-0.2538664,-3.761951,5.4077473
1c5Lbn9mYwNYbnNiizw6D0,2.2235541,-6.888416,2.7087412
1Us0oiVnrFwp802ekhlEPB,-4.2962723,4.985063,-5.4454756
4cg1yakyRSIOjxKM2I7J1q,-3.7335112,-2.5391293,1.8234544
61mnlyQlnPuq1GEX0LxIWh,5.782341,-2.978372,-1.5006162
4pYZLpX23Vx8rwDpJCpPTA,-0.51155186,-2.0175989,9.359535
23SryQFx36SXmuAj7tXxec,-1.9118485,3.8285525,8.411033
0yh0Z3uNRLsDcvBtkVhhIJ,-2.709305,0.98408127,5.9297237
1yWas3061dbaZF9Zq6kfKZ,-0.98665994,-4.171481,4.937553
5ZWwLNhwmJXM7yKZJ5sxN1,1.4096414,1.7640197,-7.051035
2LLFl56eIFGFlnrplUC26f,2.027586,4.667623,-6.299856
3K0sVapHNSSeJ8o4DLHOJY,-1.3821523,-3.416561,4.207768
5UVNjOSh27encRBqTpBWup,4.2876425,-4.9494653,0.23900206
6WlxcZKpEV6Bwe9InoVhMp,2.9741054,-5.2253065,1.3459078
7MywASx2OFZngfoORjo1yy,2.4904344,-4.485985,-4.601723
0urHaAHTNeprwQuj4QzY1Q,-6.4890027,-1.4427047,-3.7665038
3ee8Jmje8o58CHK66QrVC2,5.173565,3.402197,-0.09810272
0JP9xo3adEtGSdUEISiszL,5.5974584,-2.3817358,-3.1999872
7AQim7LbvFVZJE3O8TYgf2,4.3222504,-4.165158,5.041107
7J2gyNghNTzl4EsLhXp01Q,2.2365263,8.107356,-2.7834172
4UKCKdYiLN6IMA5ZESUTL7,5.6224837,-3.7539845,4.175335
3wGXyJGsCf1myH5MooQIqE,-4.237422,-5.9736257,-1.1208457
43PuMrRfbyyuz4QpZ3oAwN,4.138702,-4.3071947,7.285118
5WoaF1B5XIEnWfmb5NZikf,4.290337,-3.9750304,7.2819905
3JWh19WsndEFg0UFRFeTiU,2.8232825,0.2914127,-8.7303095
4dVpf9jZjcORqGTLUaeYj9,-4.955138,-5.4332094,-1.1442075
7xC7Dv9kSpPKqel8iyYNLJ,1.400767,3.472996,9.100854
1e1JKLEDKP7hEQzJfNAgPl,1.6718365,-0.19898467,-8.371683
5Uj2at1EGAaWCrLyEUuXBp,0.33167586,0.14984846,10.610028
6k0DJqW2v2e4809Z1zN0YU,1.792862,4.012134,9.932906
39hnH8WdPmNT3Q3yzwC9Rg,1.5823852,-10.145574,0.08823739
3i1B1PnsfnOQPGVIzhf1lr,-2.042304,5.156367,-6.3419437
6JzvfFCIFT1CbbHE1pDNBU,2.3398416,-8.216195,1.919704
3fNH4etsltJRU7NsgU9RVe,6.441285,-1.811242,-2.5304022
1uDjaezEbalGyGnuH80zDK,1.0531874,-9.285886,3.1412191
5SsR3wtCOafDmZgvIdRhSm,-4.87087,0.536845,4.294347
2yJ9GVCLMmzBBfQAnfzlwr,6.580547,0.96621084,4.342308
51rXHuKN8Loc4sUlKPODgH,-4.8475237,-3.2318683,2.4715822
0U6DEXxx5D727xgg76jYkR,1.3161443,2.0188859,8.872298
6zaywrggIpaM7Ghgvgjb8R,-1.5846126,3.9185057,9.765117
4lboLlUWSw20PU2qcYgUny,-4.093757,2.0799282,8.853375
64ydkbrt0xhdJXRaam06Mc,2.692911,-0.77421224,8.923657
63cd4JkwGgYJrbOizbfmsp,-2.3254344,-4.9452505,7.839105
0tPShxf8VJUH6RBDEP3tVB,0.09738054,-3.2107422,5.0129976
7eBqSVxrzQZtK2mmgRG6lC,0.8006316,3.6400218,-3.5063353
3XmKQDhplvk0wtPMuHOTHL,-6.981821,2.012308,-4.097811
0hGShmLW8OxtW5J1vv0iE9,-2.967209,-4.609001,-7.2053924
6Tb8Fse6LfJ0CRZVlNjHF5,-3.7861679,-3.4719844,3.3751204
1Szfm2XAx3Kgl55dyl8sTU,2.6377141,-7.7088227,-0.9985449
5AjINjwKyRvQJhSe2zpPHi,0.8189664,3.4283612,9.756477
3OKjDHmSJVKOn6V4hCR8bq,5.520114,2.175928,1.4654756
4ijoZsRr3IIGo8d8ZYOL2R,3.759414,-3.8590646,5.796959
7f1zjZG77S891Uv4O68yfk,5.2699466,7.031574,-0.7827251
0rrVn0KMlLHtAklzUrrfoj,-1.4048424,-4.8931184,-5.2702813
3WyRgi8CzQnhzO0xw79tTS,-3.1200483,-3.26999,-6.1752815
5XWGkQWu3p4Ly3K4xi6trF,0.9626539,5.2021575,8.775749
52i143Ph5c3RQaQFBXWix1,5.1242757,-3.7231333,3.095502
1Scp8ar1dnJOaSVEMIiB80,5.8582993,-2.05769,-3.3466296
1xbtojAZsQjOgiGdGX6ChU,-2.6804864,0.6339849,9.884154
7EAaSaj1OgZgMX5yZyFXFC,0.98448634,-2.3341942,3.820684
5ry2OE6R2zPQFDO85XkgRb,1.7583634,0.48919,3.8277779
0b6UoVjUzFyZNpHI0aAhKt,-0.3708906,8.869241,-1.6085086
77XX5hXetVXqpocVnbPhzT,3.0445156,-6.7020454,3.0529675
7i3NiyX4x4WZ8xZjIXWi4s,5.790598,-4.6714416,2.2183068
6KCt9V6Lev0M04rFUj8ANC,0.6667418,-4.214157,-1.6476659
2WqTKOAUmv7hz9ZzGnXHrY,1.2865881,-2.4444091,-5.491319
3GxGAhRowXixzk521JQpZu,1.3833662,-2.8578732,3.655913
2wZjsbwmWfNVslgV5afl1L,-1.6232582,-2.9214756,2.7446256
38nyi6J4H44dXpf0PE3bWE,4.9124312,-1.3059555,-4.7054505
2pQ4sMgskv2XeGCInss0qB,0.71259856,-3.8883538,-5.7006354
0uQzOOq3aC9mszrmLLYoU3,3.1281564,-3.4187758,-9.828781
7mv4eldXEFbf3s3ZEfbmlC,-8.803403,-0.5028979,-4.0861044
0XOMoQbYxYPVLxwK4VDmNA,-4.733417,-3.2076907,3.2220485
1zIb1bYJAo1UdR2Xf4oESb,-4.7781544,-2.8616018,4.7996063
1iTWoKAdilGEmit6xhQZje,2.9261212,-5.9266853,3.9280226
2zjGJ0dChMR0KxBZS15aqo,1.5073977,0.22182229,3.1355526
2n5gVJ9fzeX2SSWlLQuyS9,0.88603383,4.2703195,-5.887667
61zTSexBvC42Db8jxMHuKx,-4.1000957,-1.5567398,3.8434298
4NwfHcBSQ604NUvEMvHstw,3.0499918,-1.2124794,-6.283764
7cW1wHpSLYgKWzoWlOCPFJ,-0.99869937,-8.028136,-0.45391595
39RWYLt6hgk9BbhkDgaHW9,4.3081827,-5.115582,-0.8757146
3AEgic4yp82NxMWUjHtxnO,6.5992823,-6.266782,0.9784644
2nKYHpmwjLaEOXS3o7QMiz,3.4816546,-6.632911,-0.5781348
1GeNui6m825V8jP4uKiIaH,4.965886,-1.3184927,-4.6911783
5Z8HZM6iQMhhqyPcCGY5g9,5.017169,-0.033972286,-3.4678397
6igOR5QCn09zAVF2ikZjsV,1.5012436,-5.5516996,-1.9718
3pTScODwk9tggZzmuH6xDY,3.5900567,-6.378988,3.4060774
5UmRDaMPkV6g2HVMWoKx8u,4.518497,-5.0706096,-2.8172154
3s4mrPrEFFPF0LmAfutW0n,5.065192,-3.4206192,0.83665293
369g3Kv6MXsl0wn7PNtWvO,2.1576111,0.65324223,-8.27095
5TnLXSd4h6G06Fbt2ApOpa,1.3533075,-1.0769094,2.2828984
0zNHMc1cGKe4MO5rtGtKRh,4.06476,-8.958899,-4.310838
1wJRveJZLSb1rjhnUHQiv6,0.4897117,9.556156,-2.2910361
5YGhm6pI5s0uxJ2DwrDYqO,0.6327574,-5.777361,-1.1987505
5KPuc7JG5IrI40t98BRrjt,-0.92238516,-6.8859553,-1.3772794
4sWuPniHClkInYAnzXAYUF,-1.6594822,0.9669821,-9.654738
4dAMdQ6g4kGmnc1MDHsg77,3.0347688,-7.0993958,-0.83692324
2bQxqezLVNiJVeLO0RWPON,-0.209788,4.929826,-5.4580317
4B7fTyj1FIPvP9tT5X3DnR,-1.7842357,-3.4174192,2.1858392
3cuykPS9TJOWufYPvTUOTN,1.3686665,5.6564274,-5.517114
4T2dHb8XBYHlVj7Dyo1cW9,-2.0737696,-3.5398817,2.2729483
1axI5uyyrKKRqamtKllTmE,-8.830811,-0.34148696,-4.1813884
2wB5xwzugb4KyfrIwGDkE4,3.109705,-1.8711389,7.9670653
0OsYwz3SCLD98IvWfdLeRQ,-1.6078833,1.4944429,-9.858522
3LPRKQKIlwova0VkaKB1BG,0.46742496,-2.1282003,9.076402
03cElm8polfuCWxY5g5izH,0.039568998,5.8226013,-4.765093
5sT2yQrTJbs0aubnGwuuiw,3.4532728,-5.1388683,1.8819325
6klLvorLoo1sxvZcjJIY8I,-2.7002609,-3.055636,-5.8517866
3O7lxdQoe1aNWs93VSHsJg,-0.070829086,1.0772235,5.5980716
3QzAOrNlsabgbMwlZt7TAY,2.267259,1.2510016,3.6718953
4vSoyDfL0uZyUoWu5NNNsQ,-1.2964133,-2.8922207,-6.2278204
3V3JxDpiUg0RAt1Mfbn6Ht,0.21682735,-3.5339758,-6.0478168
3sA7HKGzcKTVscdiTCrWpX,-4.7859282,-3.4596343,5.432269
3hYBu3LRhapDItoL2R5aK2,-0.22096926,8.777694,-2.0761778
6Gg1gjgKi2AK4e0qzsR7sd,-4.60299,-0.15745503,-5.7900987
2qGfZAgDe1pV2y5xJAhi6R,-4.0023727,-2.5824573,3.8712711
0QVvkAOstRG26pVYN95CeL,0.43010962,8.601053,-2.1586635
5PIfH6BzcmH04RDmtzF0BN,-4.791036,-3.4415762,5.4174333
3eeyKNIBrt5TH4y0y3QkOu,-1.553925,0.8590856,-9.660254
6xqZi5JTTk6XIMLvy7w5JJ,-0.7952927,8.733839,-2.7771118
5IdAcHb4cwtexqMlOojWhR,-4.6783543,-1.7024829,-5.2984557
5A6tFAdihqILHJrWuR6wD4,0.8234536,-6.307388,-0.9607776
3TXy6nchgKeYlVwOKNk9lE,-4.566037,-0.18936506,5.722149
2j7mcsEz4n5XxMMqqjjB6p,-2.3425496,6.307175,0.11570646
2nKYHpmwjLaEOXS3o7QMiz,3.481564,-6.632954,-0.57811666
1OjiYBvBYSKwLQP2bryPYw,-3.6061504,4.460637,-1.489132
2QpGZOhTCHHiKmpSO9FW4h,-5.099208,-3.1702082,-6.5384336
2Mm239hUicUXlB44D2AACJ,-2.363022,2.5900164,7.3027368
5lBzjMCr2QRoNlleZq6l7P,0.5056431,-4.91976,4.198761
34oWbFBfGEElvgO0a5c9V4,5.8378954,-1.872678,-3.6021113
4b4dJE88qfJ8nRGe0dkCG0,-1.2884723,-3.971,3.4665132
1CiR9MK8zVPKtGrHe4LFPb,3.4687562,-6.3552885,3.6151361
4zrwPfq5ENLzjq41Txs2HR,-0.6443123,0.86153567,5.3337893
3DxZfFYJLwKDJtUwnLEhkL,3.872877,-5.060456,-0.96280444
3fEpuoSr8ufvyRR7s2jB3U,6.928106,5.6420283,0.11964693
03nPEoQOYMuDe7KmGljpmd,-1.4898633,8.8701105,-3.142126
3DXncPQOG4VBw3QHh3S817,-3.0019038,5.851614,-3.4675765
1OAh8uOEOvTDqkKFsKksCi,-3.0785422,4.577434,-2.954035
608a1wIsSd5KzMEqm1O7w3,-3.9943275,4.888421,-7.766292
6Dq8FZrvx9S28iyaKSwn9x,-2.998659,6.013095,-4.446041
6X92l986jasw5nvGsblwk0,-4.4918113,-1.5214883,5.0934024
3eBa8WLuW8b2Ext8cyRhOv,-1.8593996,4.440456,7.931019
2qLcJOLrh6Djda4uLbldSA,5.750019,-0.7567672,6.5627127
7CEJH5Ed7FBbXF6CqBQPlJ,5.9351525,-2.506471,-1.6475796
4zCT3BNbQlt6IdaxJhukNp,2.8275359,-5.838081,4.269729
3xnXmhvnsc64MnCQGwwBiH,-0.28254962,-2.1171474,4.2274394
3fB96InfRUB2DCjbrfzKUt,-3.2634852,-5.382887,4.2493477
01Ch5LzVStxCFPKkT1xg6k,1.9671321,1.7825179,-7.5290384
2BJSMvOGABRxokHKB0OI8i,-2.8800032,-5.3413143,0.060944274
2mYDDUkBcgFNBqkWctyyuc,2.7641056,-1.069445,9.12574
6wN4nT2qy3MQc098yL3Eu9,-4.9241176,1.684134,4.9852333
3SZqA7rQvROJsCbUu2v0xa,-1.7005215,4.2935233,8.577173
3R9j8urSPiBbapNbyuSYkE,-5.159891,-4.2962,-2.555617
56AMYGJzxBO6p8v0wEe9de,6.317121,-0.54813296,-2.5737774
3TOfcOKNuu6ZPZXJie5msH,2.2876322,0.38513392,3.9171135
5GG3knKdxKWrNboRijxeKF,-1.0720593,-2.5953665,-7.7462807
2rUwQj4SWaP2anuGDtNpYR,-1.8837068,4.152512,-4.9778943
5RqsqQU0erB0OgLbwem6pU,-3.0837271,-4.457624,6.1876373
5ravc2aiNoYmu9m37diYXW,4.374002,-4.3198395,-0.47530198
2INhKpUdzh7v0j041gZNsz,3.7056065,-9.087353,-4.0584984
2VIMXmWUIqhMqg6h5FOFPG,0.011402741,1.2402655,5.634947
1jeGQJsJHwaeRhfoQ2BvMB,4.917507,-3.7097173,3.1800327
4IO8X9W69dIQe0EC5ALXhq,-1.9143791,-2.7515633,-6.8870163
6JyEh4kl9DLwmSAoNDRn5b,-1.4395381,0.6077293,-9.48253
1Wsbr1d2BouNGk2q92mIj7,-1.5013368,1.1106653,-10.071835
4cAgkb0ifwn0FSHGXnr4F6,-5.979844,2.124645,3.8561242
42GcjriRK6srwHkfbkBqVl,-6.287362,2.7671885,4.144091
6ScJMrlpiLfZUGtWp4QIVt,-0.60142213,-2.8578587,-6.355348
0z5ZPs57J2KERwM1tBM2GF,-0.7613451,10.242048,-1.5992187
4e34Qq2lkp92egwgjacVcT,1.6402199,4.3043537,-6.2589974
2FvD20Z8aoWIePi7PoN8sG,-2.7681649,-5.729979,-2.4880662
55WLWX71YkHt2tSucNIf1g,1.852707,-0.7241369,2.967267
1pyeIeIBIJ8VAJpF0pNPu0,0.97051823,-6.024489,-1.3531215
1q9jq5X5vwmewjOa2mHtQ1,5.141395,0.15227866,-3.2560399
6ZthdsKjWtiCxnxbhs74vF,5.0516024,-5.8269186,-0.953916
0BOmhToQ03yOdpzYKMEnAg,1.213544,-5.7365365,-1.9430363
2OaKHGvIxoOzIYjyMsxcT8,3.5799553,-7.2447333,0.34155324
38844QuZDlnt44uHPrSA3S,1.8072082,-5.247095,-3.634266
30YhyUmaegqSxsBICCeVzY,-3.006064,-1.1777902,6.446271
25oOaleife6E2MIKmFkPvg,-4.1004896,-1.4406433,3.0346918
5MD2QLnFM2ChpKAh33z0zr,0.47368506,-2.8634074,5.417453
1qPK58q90l8KNoWyXsLI2Y,0.5284781,1.7079343,-6.735107
1e9QSdX5uLUw6vbrkZJyXi,-2.4844096,-4.4702487,-6.6405563
1bIEvOOqf2V3QBrFiClE3Y,-0.16941953,8.772201,-2.3733795
0Hsv3vsubhYonQg6rAy8Nj,0.40653065,-3.341344,8.449806
0W1ZfgXpC23RYQPDq7RM5I,-8.874257,-0.6824632,-3.9298089
0H2s2OnUAcK3oHi1EbrXaw,0.25642794,-4.7245965,-1.821343
1D5dKs5tA5cIUp85HJdUAC,-0.9070461,-8.317241,-0.5878955
4XRABck4iyZrh5yJ7nOWOi,3.0548127,-7.1117406,-0.76242334
1EKjDcyvidaCcVccAZCaUO,0.95164967,-9.154199,3.1823668
0TJB5ba0xhMOxS7F52HUJv,-2.7446449,1.009265,5.971576
2NSWi83peog6gHerzlMCqU,2.674255,6.7968087,2.5011828
4LM5AgiA94oHVtalcwaTRm,1.1739995,5.559952,0.566
1iOFj3NuKgmPfmFGwPUN4k,-2.4549487,-4.785736,-0.45728466
0p3tGNjc5enjSCnH1GljiH,-2.6417665,-3.1835518,5.329398
6IpvkngH89cA3hhPC84Leg,-4.2375655,6.994001,-0.17171474
5BbdKBZO0TH0GhfxUfyhL9,1.4221253,-0.20932235,3.2593515
0T7GMqDSnmVEXUx5NIQfNn,6.115444,-3.4543712,0.021620661
1UrZtZSwQFi4slalewKEtd,-1.2235502,-6.7249246,-0.7072261
4novMmedjP9sZpTKO2SCr8,2.40088,-7.3664765,2.6407237
7q3KLkatqLCyAgo2GG4T8h,4.1141305,-4.1420927,5.343032
7i3NiyX4x4WZ8xZjIXWi4s,5.7905836,-4.671671,2.2186325
2B0AxMqUogPFVVU5smNpTo,1.6157591,2.1895294,8.617186
598yNsG1JFrGd4n2kMoz7F,0.65095884,-5.5255632,-1.1874281
1Np92e0PSE4OzqZyGFTOsh,4.8021407,-3.7298682,0.22516918
7BxpObs6K7Yio5lVb3sMYX,4.6370325,2.317483,-1.5735765
5aQOHotPzjOYUXj6T4b8P6,7.693702,-3.9107854,4.938974
6MHzojoDbKGfPlC4ulsvEW,-2.7360444,-4.9357615,-7.4433
0Xek5rqai2jcOWCYWJfVCF,-0.032660566,9.016198,-2.4374158
7MaqxK7LOZD2ND3s3DF7TL,-1.4967954,2.405426,-10.527001
1pChm8ih9LlKhWncBJ6HLr,-2.2692177,3.8616874,10.183137
7ys0nGvxArEZXDDC7ThDoK,2.1122801,2.011536,8.208055
0z2lG3tsvwYRZXLdqxEJfG,-1.3937036,-4.1073256,3.5853012
2gu9ASgJ6K8RNbKU3vlxOF,-1.6107912,-3.1269002,-9.357562
1bTePirEX40pt4IbpthGmX,0.37604177,9.056373,-0.05358676
3BXXkwyhsHM0EPApHMhQC5,-1.5386701,-4.4605155,3.2020152
7eEHVynCtT9pdUuiR0jEC1,0.98347884,5.650194,-4.7254195
7zLYKWcXnYeHHWidalz7rj,5.160564,2.756441,0.37596545
6vG3Zv9VEA6YbJPJ6ar5Y7,5.6228623,-4.0763135,2.213432
1QRJb5VY3sIkCKcTuIKCrk,0.7374785,9.063125,-0.2409713
3ZhTT6yjZwpPph5MIJ53XY,-4.3515787,-5.034745,1.7669412
3YeJXuRSNS5FYwOsDu44kD,-7.1950684,1.4120306,4.2107697
6YyvzSFCx1qogS5VWfXc6B,-1.9353809,2.5179772,8.98642
01gNiOqg8u7vT90uVgOVmz,5.27665,-0.4151342,6.740932
3vWxQ6wOfMr8zH1u7pVFI6,-3.008796,5.6954284,-3.268153
3eekarcy7kvN4yt5ZFzltW,3.3286414,0.8163646,3.9485202
177WEvlLsCc0FzCTWslawr,-2.899993,-5.7959075,-2.4708118
6scpNkWEmUxmKY7nYjVLsX,-2.440522,-1.0424589,4.619389
7DuvVy7JfFgXwWlVzyyPys,0.91427,-8.476604,4.0399957
6BKeNWeUqxmvQ09Gxd3ZGX,-3.2841747,4.350436,-1.9308217
4B8vU5oDXVxO5OkLAI4aLx,-3.9343514,4.480185,-8.983529
7pMRoGLEJuFM2wl5pt0R99,3.4797332,-6.5731254,3.1628559
6ekV6MGnPTuCOnjB4VcWGc,-2.1838865,-2.6835618,-8.508084
4TWflhgevIGo448fWc6mQq,6.284081,-0.6925091,-2.4826229
0tdCy39PgWN8LFWu34ORn3,5.0039062,-8.463297,-4.688792
6Ozh9Ok6h4Oi1wUSLtBseN,-3.17663,-3.2370334,-6.127778
6YfTl5YupXOQBKiJJLrxcw,-5.562947,-2.0998418,-4.3792253
0fySG6A6qLE8IvDpayb5bM,-2.749431,-3.0617738,-5.774914
1CCDIow4pPYyJYzhtTUYz2,0.9946935,3.8181982,-5.9232845
0c7K73roy6RW4ebDkf4yGh,-5.3097935,-2.3496957,-4.4239173
5hDAT527wXWNBnJlujhuUs,-1.6987921,2.5156345,7.2799506
1yxgsra98r3qAtxqiGZPiX,-2.2359731,2.4757774,9.602917
3aaRK3htdVkK2pqOI64FEb,-5.670759,-1.8444555,-4.5642543
0ZeAEOI1A33pYLNbSS4VFQ,-3.1781027,-3.7430544,3.234378
5oeKHrUHPT4lUKrDRVlWNp,-5.898412,-3.0055902,2.8477452
1N1yRlgw2AgZeVndoGRFIk,1.6021338,2.51692,8.421824
7yyRTcZmCiyzzJlNzGC9Ol,1.7326053,-5.614157,-3.5813403
1Wc1SQwiThvSu9dMc5opth,2.0486608,-9.066688,0.46327356
3ALgsy4RtDm58xl3VNoSgZ,1.0697635,-2.5188465,3.8283255
6tarvNiKnEjYMj1VZhlDqR,-5.3653507,-3.4489584,-2.3032591
6K2anECyrckidwf5wxS78Q,4.1290126,4.850291,-0.40066266
5hx4FpDZOnDVYlyoG3rMks,2.9213119,-5.9188952,3.9392526
2xEvCnhZMxvvRwaF4le8UV,5.0521216,3.3311603,-2.1562304
5uAMiB0RMCjdq7p5mEjfY1,3.8172612,-5.0838675,-0.9821714
3GX2hFAekmSduZzcS52OnR,-2.0656264,-4.978924,-0.4799919
5QNeckfTYKateLNPThnx0Z,-0.8861719,-8.454994,-0.6346315
696DnlkuDOXcMAnKlTgXXK,2.1297693,2.214374,-8.79207
7rN4EEiOQEO73tnjrrt5Tn,-4.909874,2.0387151,-7.0620174
6tZmrNnFao9ofNviYqJwOH,8.406943,4.699954,-2.1356466
3ssX20QT5c3nA9wk78V1LQ,0.5955027,5.0327735,8.942734
2xTft6GEZeTyWNpdX94rkf,0.65710723,5.090389,8.944325
6uYgCE2OEulOw5zhHvZsHf,2.670477,6.7892537,2.5093126
1FxTz4x5X7ewAICkKhB3kA,6.9584103,-5.890068,0.6496661
3shHzEWwP2671lV4AscHhZ,-1.4073088,-5.3156104,-5.5953336
0wdKiSBUT7aZkXUIdJWcwC,1.7094058,-1.5726405,-5.9815626
7tgjDlQsMR8RvkdlNCJA58,4.124792,-4.191079,7.265815
0jBJIQuToUUOEx7JJkiPzm,1.0919662,3.4504972,-5.765152
46IdjlVO3EmaMqooXZ1Hcu,0.86203444,-6.086573,-3.341853
6dktyiCWz2JYGmcPQ5D5dY,4.8496275,2.6100478,-0.8752124
6JsHgIkMYHcbNtKfsal2Mg,-0.98786217,4.2240076,-3.0157602
4vNeJ6DoAlTPzoYO9W4mJH,-1.1737331,9.781629,0.5814882
1KjQPDJQCUuqDj3AmfSBCa,-3.5082705,1.0608598,-7.443855
1fG8MS1E6aCXybCzPrx5vA,-9.368605,1.8720472,-2.7757933
5Dyrfn8kaxoisPK8mgN8Hc,1.3011007,-10.05662,0.3312255
6oV5zsbz9V2nZ79PYam9yC,-0.6684552,-4.7912264,-0.11945152
2lH43POZa4XHxydnZizET5,-3.3065932,4.1901345,-2.7011082
2GN8cwTiUEUBxc03fsA0C0,-5.1390476,-4.0814776,2.596978
332JQaT9IA2SiJlGox8opM,-5.824812,-4.4167514,2.770383
7jCkMZdvs8ABVd7fAHyQHM,-1.6603897,8.527649,-1.7119532
6vO5OZ18h33ZO40S9plFDx,-6.097597,-4.7244835,2.9271038
5fmTiyocDfiXbUZ4SpdXRm,4.6451197,2.2561827,-1.6052103
7jyEd4uKAFVl8wizsxZAMz,-2.4700382,5.999338,5.2285895
6iZAmCxnGmoMraKoS7Dtz4,-5.471365,-1.1312102,-4.838376
0c473vwMZxxXcdhHay62PN,7.0632644,5.578587,0.30214527
2rGgIteiX209jWcsbS1MXq,0.3010077,0.75752854,5.5746875
57vxBYXtHMk6H1aD29V7PU,-6.76103,-5.0560613,2.4010952
5bvnqVuq7UFl0txSlHpsfS,0.97808915,0.22081816,4.2508516
0wX5qQkp7iuzHtidir6Vhs,4.5243735,3.7898471,-0.7054254
0sf12qNH5qcw8qpgymFOqD,-6.668904,-4.9379387,2.3972898
4iniY3CZTm69zPvIYZNuuZ,-1.8977194,-4.594898,3.6805072
4gRkhkJHnmtR3eVEPQtpEw,0.33902952,-5.742721,-1.341942
5cVXuclMrxbHOFy3q4Yo8R,0.27647606,0.80901754,5.767916
456VGUkWQopbY9ObfXnAvs,-7.897055,0.8373683,-4.18052
4QiR8XUT5VgN2vVxXeegdo,-6.810912,-1.146895,-4.3902826
2MK1TAxqglVFFvqZ2tGdJG,3.607366,-5.456717,-1.4987146
2gwkD6igEhQbDQegRCcdoB,4.552361,0.21656676,-4.235129
51Fjme0JiitpyXKuyQiCDo,6.947387,-5.935716,0.73436016
3l037BPRVsh0kJOg2PCuFm,-0.6661023,9.488237,0.418898
05mDaV9Vb3wrzjF6OPZnhq,-6.5314384,-1.1921843,4.190924
2t7imiRcWrZvEfc8K3YtEh,-7.3621535,-1.58966,-0.9092407
6TrjaOqUwdKQ7KNxJr2s9Y,-3.0869043,-1.166412,6.521309
6dnrppGRbt8fie18Lcd9Dd,-6.1088686,-2.2011285,-3.0587149
6oz0TkxZqdcyHYp5UOjvri,-3.6703665,6.3163624,-6.8508387
3V0assD4Gg4BrXFzDrcWVj,-0.44965756,-3.5005734,-9.795303
7HdZY9UJTylIiNcSDFyUDc,-0.71666926,-0.37485507,4.848079
5CYRfPViGWqsLoypm1bX4u,2.4329245,1.9400828,-8.0089655
5A8EYS9Z4hz4EmtU8W8kI3,6.6356792,-3.9981723,0.03725122
01NaNxAEmbxcmbfvCFQduv,-0.017331311,8.763852,1.314535
7xfo9csQ9xvv8f2mL7sp4m,-7.6686587,-1.6288091,-1.10567
3yppetp34X4L7eqqrPGgSr,-7.376253,-1.5698237,-0.95497864
1cdCwU8dUHGcoWX40D781S,-4.3975177,1.4910582,-7.4002337
5kcOXucLoFtzDYXf6uI30N,-4.273726,4.894884,-5.620713
0VM5acl9Q1cPTZH9BvKI2U,-1.0962632,8.575837,-2.786301
0Z1nbG2KOuRKntstSAkSox,4.379996,4.5846987,-0.3141875
3Mzap62w1IyrknkxFrb7sv,-5.6537905,-2.9831228,5.388823
0s03kNljvqzU62rnWyH4j6,-5.0392175,-3.6406624,2.5263367
3Osd3Yf8K73aj4ySn6LrvK,0.7815938,3.6923735,-3.437514
4Li2WHPkuyCdtmokzW2007,-2.8752975,1.9975188,-6.64069
7esMRbSzvLv60O70XLZFbc,-3.488964,-0.8966938,5.491368
6vegnfDS8DAEaCqWaPYGPy,1.0255802,2.3227754,-9.229203
5n8Aro6j1bEGIy7Tpo7FV7,4.329937,4.3581734,-6.1072855
6KIKRz9eSTXdNsGUnomdtW,-3.603829,7.6506596,4.2062955
2PpruBYCo4H7WOBJ7Q2EwM,-3.9122124,5.0345926,-2.5208364
591tEk8EZ4wcgiDVnbTX8V,0.008345412,-0.50425225,4.6977906
2nCtq0LEyqpSqwWf34FhXQ,-1.202056,-4.3544655,5.047502
7lE3EioRmxQPPp0WKx1n4J,2.873825,-2.335052,7.8618875
5hMoQ4CXKaqIT8oyeC0QDx,-0.4517433,-5.132619,-0.1834958
0i13kILDvqXijVH5UBA2De,2.1641593,-4.4297276,6.2177405
3AP0eD0OkIVTIoymrJgQMH,-2.8734398,0.078523956,-8.376145
2CEXhYY4cGmjyTyZJw7Wo0,-3.8118806,-4.4234576,0.20716754
2t8yVaLvJ0RenpXUIAC52d,-1.9498807,-0.90587896,6.8651814
0hPLZrnDgtKxrym1BHjDhd,0.7847215,-2.5644913,-5.471219
6fwdbPMwP1zVStm8FybmkO,2.8240619,-7.481764,3.2714434
4paAidoE8VAemwU4jgCc6l,-4.2820187,-2.1403172,4.1235476
0RiRZpuVRbi7oqRdSMwhQY,4.68226,0.46123368,-1.4474555
7CZyCXKG6d5ALeq41sLzbw,-7.011399,0.2905285,3.9948735
0t3ZvGKlmYmVsDzBJAXK8C,-6.56748,-1.204302,4.0874515
21jGcNKet2qwijlDFuPiPb,-6.843035,-0.6484138,4.449246
1YscJ7yVTlFxW3eF6pv5ba,-3.3744867,0.836615,-7.744773
1lOe9qE0vR9zwWQAOk6CoO,-2.3751605,-5.388259,-0.8997278
4e0FYxSROat25pH16zMTZI,0.8389062,-4.6111784,-7.7940063
0WoAkdHmgPmEXfiBox1flk,-2.974618,-4.2421885,-6.670378
3e39X4Q74yJzsYUEeyf4ws,-2.9162436,0.17249303,-8.344334
4LH1gsNA3wUS6QKkGZoJN8,-1.6501116,-2.987133,-5.893049
6PoKfDY78ih5OveWirggRX,4.392401,-4.790569,0.869846
7roKDmJDOzkpfGpUQJ5EnL,-3.2272446,-3.2354164,2.298191
1yQvL8SzbF5JCroRKk9F07,-3.9452958,-3.310414,3.3017817
16QjPRt5HYK0dnLGmGRCvf,-0.8810718,-8.098603,-0.47021067
0p0jvYdazuWBMC8QacxpUH,2.8147013,-7.3274603,-1.0896223
2Am26UXisQ91vBLYdqd7Pa,-6.0236716,-2.3123267,-2.5521662
7HLglWbzDheHZ3VZUbxGLC,-2.5156047,-3.3856025,5.52889
4T7cJdrTRqOBESPYfvfj2x,-3.967629,6.796061,-6.5625615
1jzOG0T6JjvaOoHgzl91Nd,-2.2627633,-3.329178,5.1660175
5nzhL67GpF9szXWg5y509A,0.14580102,-3.6096864,-6.1433315
78QR3Wp35dqAhFEc2qAGjE,0.84228176,2.1445506,-9.472994
5zdWd9T4e2QDPyJAvzlADw,-3.6586807,-3.6218328,3.2854893
6ghs7wcpS23FOsDpR8D2MW,-1.4976721,-7.701129,-0.79537594
2UklguqGfmTK6YHbwxY9xP,4.710572,4.7516565,-0.5030016
577YBGuskWkVDCxZrLRB4v,4.353085,-4.8673954,0.7410447
4F6yN5FsFW10Ucx7cLCzBh,9.245358,0.45575413,2.5898035
3yIZgYN7AKO3cDueyhpuCS,4.6835966,-4.14767,1.8563905
3zxiTHxE4MxwuYf8aLQ9ax,2.953397,-5.2974668,1.3004192
6pidGCJ9El17HdXaPO0OO2,-1.408135,-6.9582534,-0.5810498
6XeZ32B9HbV6ZrU6NTR2iM,0.357635,-3.5949743,-5.9571357
0I1gjYB0yjwYXBn9SVOh3n,-5.180324,-2.982563,5.0605807
3xibgHbKeEgSSAXR5z3cwt,-0.6493012,10.264483,-1.5039167
4gKTgPgFEttvPSzHA8EOo3,-5.4507403,4.6407657,-4.9048557
5g8bR5hEuANnazd1mnLq05,0.9447666,5.3516726,0.54365957
7w97IYlna881b8oOnzckg0,-3.4946444,3.3077145,-9.204491
3QSQMtxZLxMIhRxeDqgSvj,-8.379769,-1.6923876,-1.2668233
66urf1ZXFy4qVKdNqcdbaZ,-6.208275,2.2200475,3.3050036
17A18khjCRm3uNcd2fFn4I,-2.7118711,0.83369225,5.718325
0aAk9KMmPChiS2EG9Fg7IX,-3.6536217,5.255074,-5.97299
4oQa2jrXd3dqbMGNC7oyqf,-4.424742,-5.955021,4.005314
4JqgJSyI4kg8M0RYOPk8wL,-0.66741884,-0.24769484,5.1267943
3qdPei0SnopuqqjF7x3ltj,2.6708963,-0.80034333,8.960747
53l5Kh5iPM8FvSZcuMVJbK,1.6748179,2.2239375,8.395215
7foypmc7KZyU716Yv63BPe,-5.2653537,-2.6262372,4.5627503
3wdfLVUhmX64lIyWIIEW8s,-0.323688,-2.057701,4.1992073
7bTH8LgGSwyNNE4r1k95Zp,-5.4451003,-2.512007,4.363771
7wBJfHzpfI3032CSD7CE2m,-6.7385845,1.255384,4.0325747
20MuVazoNMv6xjKPnRFOxG,-6.262172,-2.5655859,-2.299837
7lAK3oHbfEnvUQWosrMMpR,-3.9569664,-2.517645,4.32267
78X9D3v7OarDPNdTPUV4CQ,1.353693,8.631063,-2.7747145
0nbXyq5TXYPCO7pr3N8S4I,-0.12902775,2.2263613,-9.949323
0LjXPuuttcYpND3IxAFww1,3.9786706,-6.63344,2.3498595
51wFQM8W0YfXTmHusXUr5i,-1.0912868,4.242081,-2.9599814
07KXEDMj78x68D884wgVEm,6.9285808,-0.169083,-1.856941
4bl1HBZliBuYpFZjWgefE4,2.052106,0.71717536,-8.4083605
6kiIVIbmwEw6JvIZc7UG0E,1.6368163,8.584511,-2.8407164
5U8sc8et1PiuDQfIQ2J98a,-3.180213,-3.6331553,-6.204995
0SsTkfOhM7e87trwjEqBQN,1.2423698,4.0407057,-6.0699816
2ky7vgodn1YedpeS00lUqt,1.3414326,-5.571312,-1.857624
33NoCir8q4WA4HNmyrD3fu,-1.9908025,-5.0674667,-0.56352687
7A20WnLkjtZU2d7hIB6Ziu,4.449922,-4.320093,-0.45847303
4SYUUlkScpNR1QvPscXf8t,2.6105123,0.058592644,5.9783278
0PQoUlzP7ILdcrzpajHXc0,-2.2711155,-2.451865,7.871227
4JRK0vJYbQGUswxlsiGeSt,0.027529188,-0.17919102,5.166906
6Hj9jySrnFppAI0sEMCZpJ,-7.978205,-1.5190781,1.2491468
19m3E0nMZobyA93AxMXC32,-4.7493033,-2.0328727,4.0351615
3oDkdAySo1VQQG0ptV7uwa,-4.75944,-2.9200966,2.895905
1ttPzkTSpQUFcEGx8bjerL,1.1836661,-2.1017518,-5.7082033
2ktxr00GpTtbMNeBjNeY8D,5.5064025,-1.0513576,-3.511507
6bKUUSlzDua0gt0g13OKqw,5.249639,2.3771229,1.0011892
5HnxL39pSgVVQMLP7WnSfv,2.2177143,8.161998,-2.8240376
7uenITonAmg7wXmFd3kkms,-6.007493,-2.9470062,2.987583
1usK5eLBzpQTMwDt8SR2dr,-2.5443025,-4.530936,5.5465593
5tRa5hnltiyqY63rWOfnO2,-5.5013556,-2.4225297,-4.4177165
7ILEWkpfdK6AjH2D7jppWk,4.7585626,0.33668518,-1.2883725
6fWa5CRgy0z30OeGZyMBvD,1.9986312,-4.5267296,6.3104243
0F9at9W2UkP504cIxKE1K8,1.5633342,-6.877043,5.794739
4ovta8hB5ymzzsR5EaCEdx,4.560903,3.372177,-2.584376
1pqhytCY48GMMK4m9780aE,3.418959,0.0428236,7.8439484
6JjCS3FuQ1VpRuqKJ5Z33W,3.8564079,-5.100547,-1.3374664
23dK8Cue1FvIDX4yRtXkNO,2.3248162,0.23923755,5.4237976
4JIPyaaceaEZtOJAWmzBzF,-5.453574,-2.306794,-4.3927474
18LhA0zBzAa2YnhcN3hWGa,-2.733022,-2.9057283,4.8556976
6VYXuUz1nYMap8gtqeIrQB,4.8246064,-0.7413129,-4.607491
7DOJelSvOL3A3sByy4FtpO,1.2536812,5.7098613,-5.422007
4oVQcFKeZhCp36Ty1fVBUO,-0.9649811,-6.907362,-1.262831
0HEws0AG1Cr5ZJDPfWZ2OE,-1.7426652,2.9403923,-10.743887
7gJPfXd1bWdfyKVIMS8rsq,-2.431158,-4.5375175,3.3358395
2BULAwmRpScmZE7YOF07e5,4.8737836,0.5035442,-3.2910137
2ajT5ziA7OSRU9Q7PwXdri,-2.5874064,-4.2355723,3.3299544
4W9XGjEUVG9junR70FOLii,5.8803596,-1.1230906,-2.5017707
48rQlLxXqYq8rzUaNJoEq1,-1.2019778,9.939091,0.5524103
1fDWMAA8rq5COlxD3cFOnG,1.0668006,4.1328216,-5.9943523
7ClOKNi2X7QUGLS6QL0r7U,-2.2087047,-5.1066823,4.3019586
67gmXPQZL1ISSh13OJJ1Pu,7.8910847,6.449186,-0.9921683
6gpcs5eMhJwax4mIfKDYQk,-3.1405027,4.570622,-2.9928954
1j2l6jMz85PaXuDiF08Vcv,0.60345566,-3.8209918,2.696434
5DSr1NMci58MEgS20vivSL,2.582082,0.121427014,5.9386735
0qFLzHtnJUIxyUwfqIj8gK,6.875822,-2.1909416,5.9579344
6XNANAB7sFvkfho6bMCp7o,-5.3068323,1.3122089,4.858646
2vohvk9MeUAEV0uxEzFcDw,-0.060024332,8.797228,1.2403013
7IBSffWIu7P2MC7kMwy2FM,5.7003574,-2.247801,-2.3411806
2VKf0WEOpq06JE5PTNr9wa,0.13756153,5.760499,-4.761692
6tiE0a2f8Z7CZeFRvOWeoi,0.105180584,-4.6226306,6.699336
35J4wXQeRuHNOEArMy6FOe,-5.4212456,-2.9503868,-2.4716887
3lb5fWSG2p7x8ik8HN9oFR,5.696844,1.9574747,-0.9923121
25vLYJnTmmraoXoynldUYU,1.5044876,-6.2176604,-6.0691767
57hCSu4zMTdnSum7NBL1Ye,-3.9571183,4.565303,-8.800732
1oxRy7LzzzV9g6oaWoFON5,-4.836209,3.2830865,4.1939173
4S4w9cBe2mH9dODjhGQmZF,7.3183804,5.368013,-0.0073435656
1mFIiPjGUudqmMDgjH8QOO,-3.8214793,5.116802,-5.453787
2z3htsNRuhDN923ITatc56,7.20744,-2.5314696,6.009125
2QukpE2w5F8nL1AwULyXXM,2.003053,1.3431807,8.653332
6wCQATlMwcZk05Qs49qVSW,-0.1941848,5.115313,6.925587
2PDXx1VHvqdWMRUP8gkJNw,-2.927777,5.0772643,-6.362357
0yjsqPohhEH9engTAwqWYR,1.9566262,-4.417979,6.2282476
7t2bFihaDvhIrd2gn2CWJO,5.850254,-2.5550427,3.5391989
6t2eIONH4Sax3R21QWiKNp,6.5915914,0.95507467,4.315066
2L9d5HVpxC7ZWN25eM9pWj,5.235828,-1.0892055,-1.8610469
0xNDvMqlGkOLEH66Z45FCL,3.0860364,0.65126187,3.9021728
2Kb5EX65C5yoMixLXtzzxH,-2.293592,3.8127966,10.218098
29ZXwWOOLz9t5fa3eT3i7T,4.997427,-0.13851689,-3.6545887
6vWEAOUSxohKxhp0K1BsxL,4.1538815,-4.1308165,7.2736573
0rhxoXFMKRtm1dQJfi72Yh,0.9313212,1.29952,5.1785045
4dqkKnzOJ3fWduqKcHi374,-6.2038684,-2.3835256,-2.6382892
0hwkukpHcBJfGcIUxi1tK2,-3.454041,-4.1738167,2.847468
4CwumbYOUtgSylJnSrZ7oY,-3.2264197,-5.556447,4.3187313
6rz0dTA0PdhXImFV5EjM0w,-6.901655,-2.881117,3.1409664
6P0Ki6KDNiCo03buu3fYGt,1.1164907,3.5851865,8.99915
0RjJSBBEolCDJ6wDiuVCmh,6.723019,-6.125473,0.84581125
028JxheELfIvvY4zBXuMjw,-1.3148947,-4.5704365,3.0517826
0joQFwiBKmi6X1Iq5R1ubH,-1.9615837,3.8516912,5.3447003
6hVGw7yVUd2bpdHMPCWrtN,-6.9950113,-5.3818393,2.232784
27GmP9AWRs744SzKcpJsTZ,5.139203,-4.5252314,-4.8605533
6gzIcEUuswJQGfJNPYMjjv,0.8218778,-3.7853518,2.5851128
6k2900NjJeVqZM55G3Danu,-1.711745,4.22204,-5.039214
1knDG6hRiyjs3d7tG4GJ2Z,-3.3396943,8.326014,2.1046798
3NqCEpT8xsHdzpiRlM1kpS,5.6916175,1.7911245,-1.398156
7oBW80497A8axagr4aC9U6,1.7065271,-7.202458,5.528139
1f3YGVNFyKDBWXkpStzbz6,0.9978066,8.384066,-1.7808952
1n8wr8tRHs5jmBxNWXedcn,5.4730186,-6.917958,-0.63885367
18pwD0HrweX8oCgIkayRb4,5.5396724,3.792993,-0.23526886
2bkKnaLTMCghmjlcPBoYWd,6.0136566,-3.9093819,3.3077333
4k0ZX0KlMBEOlTp5vexIrT,5.1696014,3.540171,-0.4321835
64FxpKdU055iIaMDY441Qc,4.195004,-5.3982596,2.038693
6aD0Es1eyfVqpYZKJm9WkC,6.693515,-4.1062226,0.1277394
4fjioVQQZrvHz5oyu6SZ87,1.2377527,-5.704146,-1.6771635
14S2Y85NiZoU4AFGOn56uV,1.294909,-2.4784195,6.931278
5FkoSXiJPKTNyYgALRJFhD,3.8964348,2.681842,2.8781288
5OYYacWV45MGBnFakswH5d,0.9143863,-2.9254184,-1.7314254
40KuvsFD0zpUFuCcmt5Xm0,3.4984663,1.6547642,-1.6017067
18OyvrRPDhTuiUObqppH3G,-6.6708226,-1.1800535,-3.616374
2OjDSTjJvPCRi3oYe3Fj54,0.070258185,-1.1510142,8.728096
4uu7gKd1PffC7QEMcMk0Ro,1.791091,-3.9198728,0.5452824
4AO1XhrgJczQ9bNVxdfKQe,-0.49181888,3.4069037,4.4546947
6eSU1exzDvBEXmBRxspeh5,3.6593537,1.3534431,-2.3229096
41L3O37CECZt3N7ziG2z7l,-1.6212505,3.5787342,1.4980872
0GR7iJLhj80KD5LkA14ZRn,1.7014476,-1.2955949,4.9772677
0AICBlLzFCTpUqmAbtzB2z,0.35743222,2.256633,2.680323
3hWUIMNBwLNug1O8o2PPRW,5.2134557,0.103237525,4.403884
2dKtWPLZvbCzwLRliNn8UI,-1.0478774,1.4401693,2.9692168
4rgwri7LajWVZvdj2N81SS,2.5013804,1.8239294,-4.9642463
5yY9lUy8nbvjM1Uyo1Uqoc,-0.2951009,0.9707193,-3.0709813
31gUUwByx4pmnA8KAFkhhH,1.9666027,-3.9103384,-2.6864443
09TZsMHXEtQkdmMJZPLKup,-9.342059,1.8384633,-2.9382658
2u3EyuCqqV31woqGvO9LBz,1.3694932,-0.31626317,-0.9880298
5YP6yKgGGsXKukqxXypVAf,-2.3868284,-1.8560343,1.9209696
35Xf2ABjPzUXKz19akd7Jj,2.651228,5.8316374,0.8850146
0Pqix0NTfbuROfPbaZbBgp,-1.0368068,-1.3017857,-0.1385929
3yD2LWeCCFu7ybBO3lwbXM,-8.021659,1.0430055,-5.42867
6uJONCdr2rC65BNmCnTBWK,1.6408845,2.1388104,-5.724832
4hqOmrCCJKyiuwDexd8c2t,2.9258585,5.8857703,0.9663201
6eBrlbv2HMYcldwjoMWIrC,-0.013114762,0.026431445,-2.1719818
3SnLc0bQjQeE3HgGdNfb8u,-5.623389,-0.28602627,-0.8612404
0jOfl1nZf6sVBTG08Q4brn,-5.3576136,0.5619922,0.08765371
3BoPOp7YNORLqMUjE5XAh9,-5.7572246,3.0734494,1.279797
4AlrLQ2RMxOwz1gTTkb4vQ,-6.079186,1.7592269,1.2438571
5QxqypupYWHrY8IkGCSObQ,-6.106595,1.9421756,1.2963685
204U3zjm9kkzX25Pr4Rdld,-5.851628,3.4159815,1.7723973
4Dbn05LNVX5giGbgbz5fdQ,-4.66263,4.1194468,-5.3972936
4BHzHISX21PYwGXiBEUQ70,-5.241386,2.8920937,0.52477455
6RKkHI2fkmgZq7uQPPav8f,4.8333654,2.4632003,1.1847725
00I0pcNkN3IOX3fsYbaB4N,0.13188913,4.4683423,2.7858264
6Eoz2eZzrDV0AhzJxfqkFg,-0.45322627,4.495576,0.45736274
7jslhIiELQkgW9IHeYNOWE,-1.576406,2.0728617,1.8398497
2uTG00P1DkhB97pdITkl2O,0.32419807,-6.9373436,1.5823498
2AGottAzfC8bHzF7kEJ3Wa,5.764035,-0.90309,6.2880187
0B5OTb36fzLayn6XQHg5A1,6.1068068,-1.6287552,2.2491758
76kyKtPLsFbQkdQ86QrkF4,-1.2449158,-7.9017353,1.7377179
6bqtKURdSWkInAJHDkuaL0,1.5604136,-4.436837,0.9581913
4gowy3WT6D1yhMLgRBlf9C,1.9652514,-7.527949,1.9184657
2ACys0pX0SjmpQmQWzp7wt,1.8642511,-4.0415545,0.70395845
1DmnEYXa4WfbdhAPwNzgD8,3.358184,6.418353,-3.2907372
7FIWs0pqAYbP91WWM0vlTQ,-1.3518695,0.60990703,-5.4737096
5w8wL9IpVlOerzOzOvkjvG,-4.9914827,0.9161037,2.4769113
0q2vG0UVuy6ajjcpkQHdZM,5.3249097,6.896586,-0.7566797
7Dj2wqPYXfSRFwa6qyOztr,-0.7135083,5.526802,-1.7399164
0VSzREd1OjEWJ9tXoFHRQH,1.4070872,0.13943991,-1.064602
1lO9CZo6eDrOy0S7khgryG,-0.685239,3.6498852,-8.436957
5l5wRXA7asTNjh3V0oNGPs,-2.5831676,2.0926125,4.173102
52ztI2AthLbmFHyGE3CzSl,0.18345669,4.8097086,2.7380097
3w5P4hS0fBDF6or3DNKQCI,2.8870342,2.278356,-0.85351723
4zodeeJbcglAma86fnv0jy,-0.6905683,-4.484351,-0.06702822
0L8oNO0RRrjUqJijjjstbf,-0.28786,-3.7296433,1.9634233
2B9wgj9XzbJZLty03PRbVo,-5.3122387,0.13544662,1.4016911
2xKQj6P0TgxBVaRiojP2s2,2.8704867,1.6491263,-4.072067
4at3d5QWnlibMVN75ECDrp,1.464843,-7.512523,4.9789953
1JGaV39uhSQd2eAteOxFlF,2.5175347,0.026091427,-3.3506203
3oh6SCCeLuXhFpEyepla6G,1.2761765,-1.7169962,9.197469
7tgEm1rQTA603HnZYRDgKL,3.289756,-5.4527535,-2.3565729
1LYYsrjs2VIKB8t534B3cm,-4.426402,2.453246,-1.8197752
3B54sVLJ402zGa6Xm4YGNe,-2.9220905,5.567355,-3.134374
43uQtNJUmlEdJtjbz6GdGL,6.6766896,-2.1229255,1.9256266
29UgEHyxg63NDzckA3hLk5,-4.893905,2.8127544,-1.8911725
7AOtINPzQ4N4JVXk7ygZZz,0.8522254,0.1461504,-3.7128837
6x0QNM6f0C2JEjK0hFF8Ca,3.3768888,3.7290444,-2.0420744
7KK4d7xfH6WjUuK1kPL8E2,2.5823083,-0.61735344,-2.7534912
3aBL75wBGHJnskegE9jyhb,1.1839277,0.49983343,2.8659983
7y6xHDylozEzDBIHpcRBn4,0.63435686,-10.811984,0.85395074
6In6SkveIw26thdYRhHTVX,-1.4488566,-2.2234614,2.4494147
47FhiQXgLU47HDBYUDlHsd,-0.019513221,-5.023143,1.5200886
0uIFsRx5caF13RunwkgLYt,-0.21496364,-5.4815617,1.193959
6ztvsy3C6hPjVg9j4x1XKJ,6.170335,8.011013,0.6051549
01HGXW27UXeMWa8Eglzgcf,2.7688386,-3.641145,-0.6645587
53nzcuEwQAzwV2Y7I7lczm,0.7177348,0.45629138,-3.542819
6WsC3pIrnLybHoLR5IGSkE,-1.297501,1.1681324,9.332643
37F0uwRSrdzkBiuj0D5UHI,3.9410298,-0.92866904,4.7025275
2txxneWmDggnj8J0IlA4ZF,-6.2007337,3.015913,-6.6603317
6xagjcywpcyNFghafZPQJv,-2.157911,4.259931,-1.6921034
1PVza5KmhSJhz12OewWciE,-5.702881,3.21914,-3.243018
1VTF2L9xSLpPs4qjLbYW2f,-1.532783,-3.752009,6.5847588
15fZrZhdK0g1BS9sDeW6sD,-2.6321073,2.047684,4.1570725
78gsvivelCP8Kh0tSRTy8D,-2.1364148,4.2552834,-7.524532
5sNESr6pQfIhL3krM8CtZn,-2.1226137,4.5567904,-7.1409273
1PNGJBI1Lx0h8QCpkHKZLU,-1.3247945,1.7387605,-8.499442
37jTPJgwCCmIGMPB45jrPV,-1.7837114,3.8054032,5.2403517
3PBC860LAeS4utDAqlqIe2,3.761981,-9.064997,-4.1091356
3Q6F8RByyhRTJpRtZLY3cg,-4.9584227,5.98669,3.7516565
0EHR9OObFtjlhQB8wSt1m7,6.340672,1.0733204,-6.0930185
1WoOzgvz6CgH4pX6a1RKGp,-5.2150474,1.7832507,-0.479262
1bRO28yzxgO3y3UmNR29TZ,0.22564536,1.9838386,-8.290544
7AMK6RdMOQlpMI3cpjLW1m,-2.9689403,6.9194536,-1.7782378
03TzvVWdkVbLT9pzewYiDw,2.1249197,5.3016663,-2.005045
3wGkYZLDYtULqg635DyKw8,-2.4780695,-0.6672083,-4.249523
5BVVgL1FJ0wAEyNH0Mc8yX,0.7090255,3.2573593,1.2109275
7K8vPC3GPWafq2zXHuUGXz,-1.819309,-0.46497723,-4.901778
5f9JYuHSIHjp6rggue13RS,0.5128511,6.4721966,-2.0155392
3tQ1sVcdTxPEn5SEy0nkCQ,-1.0010623,-0.95415145,-1.8079417
2otTuKRISADOYA47CmIT4W,-2.9536562,3.2117102,-7.725814
4jkalyYVL46RGyWphOzphd,-0.42820522,5.487308,3.3381917
75gbML78pDH3T5dvgQCjCe,1.1006277,6.691924,2.2425797
20dP2DaMHIAmwWAbp7peSr,-6.195325,3.321896,-0.3380391
7CpKuLCyB59BXkzEvMEDc2,-0.3721857,2.5097818,-8.780346
7jHYiFS2lcQ76ukeHUciZK,-0.6726599,-6.0856814,2.856602
7gVwgc8b3XnO87TpmXXFA5,-2.5757384,2.8149683,0.35490516
7CEJH5Ed7FBbXF6CqBQPlJ,6.139817,-2.4465036,-1.515872
59ywHNwwchG4nZJMLyxSzd,-1.434149,-1.3268721,2.1939516
6GnRgIMJHT5PH1U4gehJE8,3.9389105,-7.0582547,2.021142
7LAhKXDNWwq3CmnFP3UIOP,3.8418076,-9.051143,-4.147651
6HR1z11h0ROUlWP4Kx8Z7G,3.6415274,-9.09339,-4.004246
3oxCefEI6Tc6Z6t20J4IvH,0.84639895,-7.7536683,2.1388028
7vbjH8laThXpcBXeLNPm3M,4.1053514,-8.940554,-4.3110256
6m6Oy3F6GG0zRwH03rWmTv,6.7083135,-2.3539264,-1.443902
7vg47qMIEdLfNdTE3WLf0T,1.9368731,-7.7970757,2.1393094
51w3e5PWpRCus9wpkVLIwc,-4.6486654,-2.8322275,-0.39578864
3WXJOVqIyZKSkdLa82PF0L,-1.9253081,-0.89668906,6.867788
27gIYiauwut951G7lpt9Zr,-2.3161132,1.5280228,2.1072497
1nbYiPgDJ4T3t46Is5Zc26,0.5838343,-2.2029529,-4.9327645
2Grb4G6t9VIqo6moKUloom,9.136116,0.42143804,2.608009
6LyAwkJsHlW7RQ8S1cYAtM,9.447075,-2.3850312,1.646593
0NA5xAtDra50d0Lfs2uvoh,1.2370459,6.979071,-2.0045266
3XFwOQU8wxXWl8Rxj3lrOi,0.6337836,2.2304282,-2.9028838
42k9e2hgl98IdgkXLg4pxs,5.7326393,5.7993298,2.2445455
4LeJfeJ9u53QLp997SRhim,-1.1685417,-6.0309505,1.0129707
5rU6kDNXZLXIinFezpbWbO,2.6760767,2.4231434,-1.0633575
3KkWGDCb6byHjNYjxBihGK,-0.8735118,-5.689356,1.289719
4y5tKWeAUcaFE6O8Fa8XsY,-0.16326225,-1.4828584,1.6775384
3Zcv9IeYgCvEhxFTfsduaQ,-3.6850584,1.3546282,-1.8787119
4mOPVJGfWXH0wPFA6xeRDz,-2.6298513,1.5835247,2.0067399
3ZOwmSmQKX4vTK4N6e2GsW,-2.9667692,-0.65370536,2.0003688
4mIXmsA9lwT7sk8rkrnEFE,-2.3631668,-1.559191,2.4946094
0JR7iZZ6Ql79sXW3rbiS3F,0.7036529,-3.7547808,2.5583985
1wWRtPIKD7ZNvtsrzLyTev,1.7651389,-6.511956,2.6822157
7r6LNJT2LqpLpEyZQJPygt,-0.3051316,0.6326409,-0.62933135
5VnyRfL844Th0BBBGnhJOL,-0.9290338,9.555135,0.56259584
6ycYqFnXnjMOwMvEMbEpUk,-1.6515261,2.197091,2.8528287
6elNeXUhiuHPD9hH5rocQi,3.628434,2.695801,2.2153685
11eVz92Nm7b2CTgA8OJVwp,-3.0071115,-7.180074,-0.804758
3X37NtwadSS0RM20dh2IgP,-6.5303955,1.8065017,1.2169317
5dHpbFmZjWucrol0M7aNGU,-3.9616618,-0.7695803,-0.06543054
0iMfAZrgxGf9M2crv0ZoS2,4.7304144,-8.615793,-4.587283
2lSIsVvagtbcgKRgHGRqrM,-3.84408,4.127575,2.653896
7Dx08NB4kG5k7xW3iRc5nM,-4.6728888,7.0734906,-6.4201283
3xse9bBOH5VJHjgljFn7xx,-7.5171566,-1.4474466,-0.7053019
3cSQybdktA7txXwBNXW80N,-3.83011,4.645516,1.8078492
7lndZZ3IUNVPPYWI04jOaB,-2.2383788,3.7919319,2.6986854
5i70f6KOnmtRCbutYnLvVC,3.3773878,3.3139303,1.5081758
4STaHtfguDMkWbPEo6Fwcx,8.088334,-0.9989421,4.275961
5ojAgSVQftPufiZK4w3SS5,-5.2368646,6.462168,-1.7865164
4pc01CAhGKx15PY23uPjHp,-1.6945422,-2.7594454,-8.934838
6Na5uKk5SsqZimk0hAWo8y,-3.554194,1.1145643,3.706733
3psB8LAWdw813k9ZmLvjmZ,4.914206,-2.2705615,6.020463
2XDdHuoRmBeOaBIOSclj2k,3.5808735,3.419755,0.79171276
4jtyUzZm9WLc2AdaJ1dso7,-5.201302,3.0186663,-4.325924
3lSR267IJfT54p0Gfuw7mi,8.334512,0.05242209,2.7906032
5lFDtgWsjRJu8fPOAyJIAK,2.5038807,0.19619833,-1.2962849
17Q87zeXgsAi9iQQbMu9v0,0.55038714,-7.81147,3.8434784
76gUmNLXGQVOsGhfcshkFP,8.41239,4.6938205,-2.1482975
0wwPcA6wtMf6HUMpIRdeP7,9.3787,-4.686987,2.8412864
63p3Slj0shAFP0Q7dQetj5,6.5146317,0.4308445,3.808052
79XrkTOfV1AqySNjVlygpW,-1.1956106,0.3928501,-9.247479
1ID1QFSNNxi0hiZCNcwjUC,4.337193,0.82199717,5.19506
5InOp6q2vvx0fShv3bzFLZ,5.8096185,5.7609487,2.469583
1OHoBC4icbuNhpSxP400sv,3.2289543,6.425431,-3.1205924
6YTMxYk3UayBWDgnKB4fLG,-0.355115,8.5452585,0.97172284
6wJYhPfqk3KGhHRG76WzOh,2.1124566,3.159384,2.391673
4IowQDUOzUvNtp72HMDcKO,5.7719316,-0.9139381,3.815745
2ikkgfIIM9kGKZCXzXnTpj,-6.442702,2.0086079,1.7138721
3SuzCeGoNOWmbWOoDMou0B,4.5338683,-0.59173346,4.6873035
2gZUPNdnz5Y45eiGxpHGSc,-3.7689643,4.9207478,-7.5790663
22L7bfCiAkJo5xGSQgmiIO,-6.5898895,1.360514,3.7601328
6yIjtVtnOBeC8SwdVHzAuF,0.82941574,2.7924776,-0.22023913
07NMFSwppnky8JyIQIxAQZ,2.8396962,5.9173026,0.8950255
4sbtM9ORGwmxGkXfctXbJq,3.8912227,1.8364543,-0.07358867
364dI1bYnvamSnBJ8JcNzN,4.859507,1.737134,-6.7099643
1dhO5lyN2Otv4qR0xWQXH7,-1.731134,-3.737515,-1.3580223
1xzBco0xcoJEDXktl7Jxrr,-4.4073043,-0.059741225,1.9418232
12hfZNWtZInct3l8nT3c9O,2.4212906,-0.4553812,-3.1401987
22i0Gr95U8Sm9w0XWkiXaG,-1.2414285,1.1429721,9.465637
05t7JMip6JrLuSrMV5yYjX,-2.6048822,-7.230377,-0.5868029
0J6UvGEMuJvzPKvlDbBvLz,2.8923528,1.6842165,-3.7611196
0RLLvYBopDwooCyvnTwgYu,4.8808618,-2.0517313,1.4170367
2gPETgpdbYn0QJNQzP300Y,0.08972983,-0.8639727,6.5927286
2ZrAjMSmlbDIil0JaVgTHh,-5.0459867,6.043495,3.670382
7m3povhdMDLZwuEKak0l0n,-4.2961516,1.1996877,3.2572894
3kgqHVqfiabABjaFi9Tnhn,1.5624768,5.470802,3.2535965
4PhsKqMdgMEUSstTDAmMpg,4.3151255,1.3636154,5.8391185
22VdIZQfgXJea34mQxlt81,-2.2548156,4.2125454,-1.5152858
6ZelF5APDN5r6XnFqcnvWR,-2.0253215,-1.3452581,0.93408227
733c1CWmIGymoQXdp7Us88,-0.37099305,1.9351456,-0.24404776
7ExiKb3YCTGpaLPtFKzYUk,-3.655557,-6.087554,-3.974534
2ZlCGeK30BLRNSPC832pNZ,4.8350325,1.7402905,-6.7070613
7mb1IkA4MKjjh8KHSzOEB2,-1.8235548,2.3946915,-6.569317
6HszFW6X5wM8DKX1SO0LaK,-3.8135297,4.982988,-6.0602193
0IabpxMpUV7waD7U4uDIMJ,3.085713,0.1755628,-8.861356
51EC3I1nQXpec4gDk0mQyP,0.08964683,6.6922426,4.18251
6wwruKU956ldDyz55DZTt1,0.048951387,7.3813653,4.117675
21kOVEG3bDCVphKhXL8XmQ,-1.5817761,-4.7417083,-4.8617463
3S8hI4RwB6vQ8fgZZihtpv,0.27860728,-4.965639,0.9168709
0AphwbfFSlGgGDlXGeiEpu,1.9541276,-8.301009,0.03646765
3P9P3Lq1IGsyhmNrnank0v,4.0782394,0.98428285,-4.439548
35l8ivgXiWiDCv7TCZ50Da,-0.92777354,-4.661845,-2.9106143
766xt1cqAblYahe0gyWPh8,-3.0231347,-3.0321505,-1.4653815
74fV8TuLZKVzSIOOGu8wwI,-2.8495212,-0.77529836,-2.4020317
3TlrDcdC7ydI8mto84R1GW,-1.2108923,2.2558565,-6.984182
4VXIryQMWpIdGgYR4TrjT1,-1.2417985,-6.50084,1.1575161
1kf1bFBZpcRpfvbay4smTD,1.0417995,-2.3206909,-2.8109887
5ZHbT8BXYY7Gq9S5HURfwV,0.7863228,-2.8229952,-1.8185344
603FrR2LgWS3X4osiN12XO,2.5637548,2.3846526,-1.0723481
2iObjOsy2vpsariW4Y7hQg,0.6011306,-1.8646327,9.042254
0TKWHD7sbO0CrEAdegPLZm,4.223096,-0.63550884,4.841031
0gUGjvCXLxvLoBLXJVrUSl,7.019288,-1.9593407,-0.4520399
1wXN2YC8tTGK5J1wOn55TO,-3.5482514,1.3738475,-2.825702
4ejyZ4uJEXUURcgKp1kP8v,-2.225921,5.2464976,7.403759
2s6nFAzZLRAbKS9NKV7Mos,-1.9140579,1.7639079,1.6495908
1j6kDJttn6wbVyMaM42Nxm,-7.744059,-1.1370728,2.4824984
6eluAsb2ONjZ6tXFp062LZ,-1.006996,-2.1946425,-2.3664696
1aMokXl3uKDvCh4BBcjFOA,-2.4115176,0.03909915,-4.6360765
3qHgGyJY4GpXNOK4WL4NSo,-7.1746287,-0.49390787,2.5001278
5YEAvnL3klXUE7etBXvMlp,-3.2971013,0.19045177,-4.1308694
0KVEBQA98JvkmB5ZydQ13k,0.570592,6.923376,1.0489186
4RhRDVXc3xFojyyjyh1jmN,-1.1395539,2.0259476,2.8494332
3yOlyBJuViE2YSGn3nVE1K,1.9722688,3.9201655,3.8457856
5ZSXVns6DyOxJLOE9xHGMH,-5.297207,6.412053,-1.7859396
6exRjVAKYWAQ9RGvRpykjW,-5.467418,6.162616,-1.9460295
4k3m5jtjErernuKolqKyt2,-0.29383972,-0.34541106,3.5288804
26cmueXMtixyR9Q7vqZauB,-3.1022816,6.9621077,-1.7713004
0KAzP1Rbp0Vz5pw8i1KDDI,2.0358253,6.645471,2.5392692
2J0NXdHr6MYvKDSxB7k3V2,-5.8360357,0.39755628,2.461253
20Yz5dzjdTCVjXte9KrJbi,-0.7295574,-1.5889078,5.0873866
7KSSdFCBHCfq4KPzz78ghk,1.3873461,-5.776147,1.2507145
2b7rt5gCEy2p2zTp656s4U,2.4728425,6.0885577,-1.765389
01JMnRUs2YOK6DDpdQASGY,1.0332999,-1.3940343,-0.14930975
02RCbjb9czvQKNGBmEmWob,-1.6644561,-1.5416745,-0.3713343
6AyWdCtEn1DdxjnxPeojR2,-2.929161,1.6597157,0.09832196
2XEsbmynS9dLSzNSuZzfXF,-3.6743782,-0.5021022,-1.0801693
7ge7BHazYbVKi8qyZUX1Bm,-1.1674707,5.9617066,0.9895811
3tDqEKKUs6gf8zMvSuLyLA,1.5125799,-0.9591659,-1.3132874
3EVzllf30zIBAtKb75bs1W,-1.0344653,5.9688873,0.62200093
3PSUg0M68bXMb8vQJIPMZO,1.5131725,-8.131516,1.8164742
6A9wHAasMxed0firnDao1K,-0.95378995,0.08650978,-5.6499777
5f4Hy5mw5SRaUgXX9c6P5S,1.3480132,-0.2589143,-0.9515312
5ixKkLQSriCQakDWbdW8qD,-0.087349996,6.1892524,-2.227825
7Fos4vYGRc7HYzzrKCEzAE,0.8278434,6.7647085,2.0844467
7euzAmn980JdEcYbIeWHtB,1.5007122,-6.805986,1.5785182
1nX1wW2WuCEnc2eDOBOaFd,-0.22653584,5.5417356,-3.8405855
1sMalYr4ASm3kOr3K9JEh6,5.8194785,-1.6079262,1.8506236
7wxl36fAGU3Afv87ZblUwg,-1.0843555,-3.2824247,-2.773762
3Zb5xLEfPAyqvjHzCVOSXX,0.90213466,-2.2939148,-0.94440097
40mjsnRjCpycdUw3xhS20g,-4.6733856,0.93890744,-5.494443
79s5XnCN4TJKTVMSmOx8Ep,-3.9446743,2.8940375,-6.844136
1dnsojUNfvhiztcITLzruj,-2.6915853,0.88986224,-2.7500458
57BGVV6wcyhbn3hsjlqEZB,-0.005148167,5.3177695,-0.33171153
6gi6y1xwmVszDWkUqab1qw,-1.8218998,-3.2755947,1.5028048
3jT2LKH0RSbQ8jIUNFzXm5,-7.7385883,0.49166498,-5.562972
5OoQo1NhMJlvHr0E6pU4Cy,-8.03762,1.2982777,-5.3738494
0UTJgNxhxWIBbREX4ayaqT,-0.12151563,1.2514123,8.534074
6mABK96naF062FmZEs7lr3,-0.86293745,0.519951,9.2190895
414fIBz9pQgFWkKwSFbMQH,-0.8796971,1.6582775,9.06763
4SWWe2OYC4mqf40Gc2RSdl,4.2235756,-1.9074942,3.591679
6GSkLS2y4ZnnZsuRAj975K,-4.4170623,-0.93662024,-2.669895
5j1yOqWONR9T6l43AzJ6Es,6.1740212,8.011498,0.6109214
7aDuhCMYBgVlosbECPzUGC,-3.8475182,-4.4768066,-0.119682506
6kLdkhi4nl3E0ddyKP4ytr,2.2897043,-0.20141682,9.272526
5AL4chhuQBsENEAS1YtV38,7.596177,2.133976,-2.339185
48MzFPUgzBcUfOeQRIj1OS,-7.7000012,0.32119802,-5.5999236
0fIffclhgJC5h8AdMMVvkp,-5.2806745,0.5935575,2.3838336
4kdKKsPHWsyNrvFsZrcg52,0.43321437,-4.764603,0.8853907
5egD7A5x9AHdVO2fMo3Wbo,-1.1003766,-2.5896902,0.2768152
5PJG9oWJf6oL8bVeUadimQ,-3.6370268,3.3936849,5.997265
3XiNC94b4Tq1xwv70sQJGN,-0.42325693,3.2879305,4.4203997
7wsmIIm0xWmtP7TmACXkJn,-0.6727165,2.5945182,-5.823455
4ZT91IjTYYreJiuYlBMCtN,-6.7939706,6.073364,0.48596478
7eJbnuLHzBp948ybtKDyQn,-3.1483722,-3.4550087,-1.3709137
0eu0YHRc7cnMjtAQOE7Xyb,-0.9821459,-3.5208576,-3.191131
438ydvfdggFaE8RTacR40q,1.5966076,-6.674341,1.5907987
0by8c0tvXiwBHKkCpsvLNt,1.7965862,-9.487739,0.3292947
3kW4z2pIj5VY5fLjBrMRL5,-1.5878341,1.343912,-2.203447
6CUP2khYzdphXebxVTfPE3,-1.612679,-1.4286485,-1.0525897
7hav1MHURQf5SAoPk0egqh,-0.830376,1.8438494,-7.22535
56uXDJRCuoS7abX3SkzHKQ,-1.0043418,0.53460795,-3.4978232
0IpnZchq8ek2A6pGEP2Qb1,5.549426,5.7897406,1.4633107
4lAQfuREAHG8IC0PiiigBt,-0.5049116,1.5029308,-8.935731
4D7NrSeqkTarBrJ80b2sBc,-0.4766273,-0.25256908,-5.077021
19Ec2gbNtQTE44IizcPjtD,-0.8501405,1.5619968,-3.603939
7vTspUAmMKFkUpKL9HLZNL,-2.600644,-2.7702684,-0.050338726
6SPgp2qK3fb4wPX1SldrNf,-2.7410233,-0.0069275293,-1.1533531
2BWXfyYzeLcK0pbvPp9Itw,0.6566568,-5.685463,2.2876134
0cbO20ZF2lFflZGnNUHhGB,-1.1529914,2.3010314,-6.802552
7J2DtwsxdoyrhgNV3Vzmos,-3.644917,-0.6609751,-0.12579332
5yh7nX2VqXUWjBVAzEwtVn,2.714215,-8.193357,1.2806114
1OzgMzlWVXehzHaC9Ps6Nb,3.330085,1.0039406,2.053718
4CWYgFa6X7Lg0MrrmukO7C,3.4937782,1.0702791,2.0892904
4cSSL3YafYjM3yjgFO1vJg,1.6341002,3.2191842,-1.8262578
6HFH4fh0qJsJRnOc0xIWwM,-2.116894,2.7831657,3.5618606
3DWjFSDEQ9IWz1mj449fB7,-0.67023313,1.2433499,-8.90969
6r23MHdjVOEgiTCXOJLql1,2.288392,-3.834412,-2.399748
1ickGp7LMzPddFNyWu57Is,-0.036109757,-0.23623642,-1.5439614
4uQ7wYsuL0DryknoDc11Hk,2.8611987,1.978377,3.194179
6eL1ncVDtQHgSm3E288TS7,2.9361482,2.6167114,-4.695008
2fRoKHW3lzNUKIUTade8nL,4.924222,-2.1988246,5.9553256
1FVUFtrQnIqgwEXrRb2Qrr,-7.1581097,-0.7509256,-6.436678
2eb51UvA5hKfZOC1cy1oA1,-4.119112,7.529807,-6.9927807
5nFur5SMzdpP4obWLrBFD3,-3.5189726,-0.19506346,-4.988482
6w6SW8zyEcyxwSR7Wya45a,-4.1804395,6.9463415,-6.6982365
7uX3gufAoBVqKVoD3dBLLD,5.855667,-1.344792,1.9432945
2jdAqci2mLt0Njv8euSZWS,-6.0415945,-0.45696342,-0.6626655
734xplxSpoW22U5OeeZcr8,-1.6231604,2.2694857,2.7055845
1AgSUWSzmza5jF6ER5R68v,3.6817954,1.2252622,-2.4237843
0lSZh5W0wDeurkGzLYY6hf,-0.040861636,2.74862,-8.642346
4HDCLYli2SUdkq9OjmvhSD,-4.2586894,1.1381993,-5.2855015
6ZBqCuo8fUGSZJGYR9LNwL,-0.14092267,1.3843316,8.5669
2jey6aQoRNao7Ou9ftOXFC,-6.416477,-0.88467395,-0.96936053
0Li1OuXXfi7950ilZUFGkF,-0.3504382,1.969903,3.1448143
43VsJuap6AoKejRD4a8owV,3.5225184,-9.188912,1.6791645
6yL7sgixx0rUkSd0hRAy4U,1.5001849,5.47254,-4.5033855
77UjLW8j5UAGAGVGhR5oUK,-1.1572696,3.9101114,3.48488
2mfVW6i0el4OEHB67fiPb5,5.529158,-7.1266236,1.5529338
4RsTfAuTiUyL7GKGPiNC0w,-4.301075,-0.656246,-3.523231
4ntsD33Pgsgk8rUyZLLiUV,-1.6211087,2.2696939,8.627291
7L9g4cPfohScjJ8mGwLQWr,-1.7902751,3.0124388,-10.639678
127QTOFJsJQp5LbJbu3A1y,9.059456,-0.3068181,-2.8235502
6ImxYXeLDQPIv4qo7bMhSk,4.4224935,0.7405296,5.6249733
6s64FyS9n0XYbGMLH3LOWU,-4.065216,4.066405,2.6804264
3t8pnImpBpOwxdtYBpKvA9,-4.269735,3.1173124,-0.3414939
1lGHa2pwYzxQHFBUynhLtO,-0.6163109,2.396184,7.5200834
62uolmVjOio9xIfwDM1ZvC,-0.9826182,1.7010672,0.07560994
6b5P51m8xx2XA6U7sdNZ5E,0.0897613,6.717319,3.1953723
4qikXelSRKvoCqFcHLB2H2,2.7752254,-1.7365211,0.2877692
5qmofSYIqQIDfm09Q8gwal,-4.179127,1.4108133,-2.730025
2sqsNXfN0HtgDEgaHXiUTa,0.9497267,2.2281647,4.0325336
7JuB63pWkmxIxSazNB6F5m,-0.3034528,4.8402486,-5.416857
27KSwBOQTjGWt2Fe8fNAwq,-1.0022609,-2.6689749,-2.885763
3inCHKMqkGpK7sH5DA9P03,0.79988027,-2.8027472,-2.063089
7rSnKi58HPIVC0FVyh04Q1,-2.629791,-0.08083621,-0.79111344
7h0d2h0fUmzbs7zeFigJPn,-0.569061,3.4214752,4.6541586
2jLE3ZvaEZ3IeQ9gIkl2oT,0.52376,-7.77111,4.0648837
3Xd99x2LkojhHSXy8yS2iU,6.738824,-6.4549255,-1.4695214
4APy87QmeO37WjblPlM5aB,-1.3078538,-0.9312239,-1.786783
3LIOgFJ7ZU3VzfIydq1Bfr,5.6097436,5.741425,1.3785505
4vm6LbfJ3SXVn9LmPH7khh,-0.019474614,5.7538733,-4.188748
6oLANSb6vq2T5tIg92FxCW,-3.7228286,3.6810503,1.842407
3oyFsRprs6pc3H5Hr6gp5r,-5.0684257,-2.0945537,-0.18307498
3K6U7TamNyVSWcFH8pCQHX,-1.0655522,1.2295313,3.0486848
5O9zs6G6RcB6yP1OKwnwiM,-3.5010588,-3.1266692,-0.49229643
0jWm0VyD8p3MrSInczpows,-1.6380427,-2.2129302,-3.372655
0oT9ElXYSxvnOOagP9efDq,-0.69084305,-0.18161081,-5.205235
7ytR5pFWmSjzHJIeQkgog4,2.0943148,4.006545,1.1273289
0easEmosKkPhksg0qidzXo,0.53812563,1.0099729,9.577651
1ZRjLZcNTm1vUgrexBp3px,2.1850464,3.9659476,-0.2754683
39Yp9wwQiSRIDOvrVg7mbk,0.6766857,2.0772774,2.7173617
5a5uR7dPCLyiwLdefyHmGQ,-2.4132252,-0.824538,-3.9273338
4stQ9ma0kqGifqLQQSgOGH,-8.189683,3.8358161,-1.8943931
4A5owiyEiYxDuDPvTrRCxS,0.42381954,0.8537365,9.5446205
5JSviutimdFraULDyk0Sc1,-3.6715128,4.3275657,3.3792293
1hJjKYqtVt47RmRR0Q1vDA,7.3358097,-1.9440569,-0.5496318
7GwYENSg87oERcW0Wacd6m,-1.8174759,-0.8118549,0.76204896
14PWHDV87nXiSuClZDsEYC,-1.0338436,1.2537185,1.8149296
2c3qwFINQyRGwyqI97UQiA,6.317769,-0.91833204,3.452722
6xW2g0c5uSoa3S6xk9eI4j,2.8067007,3.3085165,-3.0471392
05nB8pRwwbKA2fsKK1nOyE,0.69714993,-7.407296,2.961964
2aWVaW1p2kUc5yuKwBmRJi,2.3058417,0.75063956,-4.723004
1RrQK0BIyxZaOooNDVSEaZ,-2.2362876,2.2184389,-1.4971732
0zlru783fmr588D5RY9ERU,2.1620698,3.9741054,-0.30952597
5m0yZ33oOy0yYBtdTXuxQe,0.89977306,-1.3600733,-0.37318563
6heRfvHrUIIPx9TqRg8SCq,1.4683903,6.221859,-1.4806304
3UyjIh2AKIz5mzjzcwDfP2,-3.0812533,3.2158287,0.5947634
6gxKUmycQX7uyMwJcweFjp,-1.2345783,-1.5463961,-1.1784493
3IvMYBE7A3c7to1aEcfFJk,-4.1933265,6.7632346,-6.750799
5TCBWmEBrin7etRa4Lswr1,-5.128188,3.1423137,-7.034706
4wVOKKEHUJxHCFFNUWDn0B,1.1074655,-1.3650658,0.29928738
3Q4gttWQ6hxqWOa3tHoTNi,0.14462352,6.526365,4.089262
466cKvZn1j45IpxDdYZqdA,9.05807,-0.30257833,-2.8332305
7eYAHC0RbBF9eaqWzT34Aq,-0.26583517,2.0917532,-4.4758167
5H4mXWKcicuLKDn4Jy0sK7,3.4208884,2.9061244,0.53160375
3KixNgUEaDtrKJVzdqjU5q,-2.430492,-1.622505,-2.9576957
5fHrHoJKfCgBd35zwIBmUK,-1.0026344,2.5440068,-6.190922
6Kj17Afjo1OKJYpf5VzCeo,3.7208722,4.8708825,2.553638
6fLVTVaHWaEfVKfEgbkf4D,0.4127461,6.4753385,-2.325015
0YkUwXxnTkeJBvt5upeEtP,1.2951163,2.3059275,1.0496372
05aZ9sAU1YXndHv0FMi9iW,-1.330227,6.989988,-1.6370187
1I55Ea0zVoSKs6MqW7DQ3i,-2.420062,1.9653301,0.0036635492
6ukXwaLZoMjeqA98ZdKLtq,7.6307554,-1.9476281,0.40997306
7rTzrRdc5UbvLr0gwI1J3E,-1.725548,1.3005579,8.442398
4S4Mfvv03M1cHgIOJcbUCL,4.98256,-8.472513,-4.6861672
44ZJ4hLD5onikKsVLQaILr,-1.714616,-5.693762,1.2779647
1GIYmwtBbPSHrqcSaukZck,1.5650753,5.3190513,3.4451647
4NhDYoQTYCdWHTvlbGVgwo,-5.3486247,0.95286185,-1.9915639
0sTgHAn5mxtQXeb1BsLSKC,4.0678115,4.4044037,0.793123
6NzuJWrNriXAbSmscAuSIq,0.11975529,-0.049176596,-4.917868
6KhmSJf9FvdAcq1tr8LcYD,-2.569336,-0.7184665,-2.4061868
2GCgo6ZOGVGh4n4BUfRGOq,-2.4005225,-2.3058727,-2.6303937
2oPQVgCTYqA4FBknwAroWf,3.2309122,4.3016195,2.23664
1Tfxi7N3DW4zvAuVjt9g8X,-1.1166525,-6.671415,2.7647665
7jx8tZVzfOAYK6bwP1mwqN,-1.22838,6.4010234,-1.4601761
4kfeRwpq5KUaqTkgi4TbDF,-0.9918921,-0.9241507,1.1827176
3Uoy2lrZdhocMWO0jIdjAp,-1.1471137,2.4137113,0.71972454
3JKgcAa7r07ocVWcV8bS0H,1.1541754,-7.705159,0.29872409
021lWIHJrURZrmvYQ1xcM8,-0.16108201,-0.89729655,-4.480294
40j4RoqmLiivqzRObbQ4BF,-1.9033129,0.5498123,-3.5097506
3QSLoxRguKgK0knOG7EGyn,-1.24639,-1.3313127,-1.4006348
4SIB2yxKoFOrbkjA4zfQbB,2.6967454,6.3329825,-2.3131514
2QqJTIlGKRLJC3onkavYEz,-2.2104516,2.0783331,-0.12093553
6V1Jx3o0S2MtBI9yIDXsJS,2.4840941,4.73505,-1.5923114
568OIKgeHyGRD3uWR44JbO,-1.5694736,-0.9158349,1.223055
2b1yiFEFZYuvlBnClvNJHP,-1.7693532,-3.2918108,-3.9782314
3JtAkTDcbFJ3jqamRGtLj8,-7.170833,-0.5068208,-6.8808985
1VLtjHwRWOVJiE5Py7JxoQ,4.030632,2.6251185,3.0259585
6PHbWsTTlmQKF9i9VC1KFv,0.63694775,-7.738402,3.9553545
3Yt2ph8Ko0JBANpdawzSF2,0.42289898,-1.9686729,-4.8688655
6nXm6hrmKCgnoM8WDIzkhv,-1.2139492,-1.2339195,-1.5703886
1QstbjmlSF0xMxGIdvhiGh,6.874036,4.041959,2.8995342
7GY3zgp2k4ZiRWpuDJn0hR,0.96736413,2.6915798,0.99823356
4LkEHc33eXcXFQNwxruw7W,-1.1617272,-0.7909673,0.8302775
02mYw61RoS1vXvkD9Q5dpN,3.0877886,1.183676,2.0027454
4YhJ3a6kBPGJWX4Ek77sDd,7.75721,1.9680138,-2.8796563
6mtjo5kIHKlboGE84lf1FJ,-1.6300695,1.0582472,-4.66398
5LHHKZOwV8XW4LJP2C64mw,0.3963173,2.1376133,0.012544814
0qoxr5PUFbDqGLHIpEnWAr,1.6469144,1.1361724,0.47691697
2f8y4CuG57UJEmkG3ujd0D,7.5018287,-1.1621563,4.5058637
0y7Ao3CVJsyKFmqdjutiIF,1.3799545,-5.6303782,1.3118303
3IaxObCWKEaGtIT78GsEpP,1.9853423,1.2002981,0.13676192
0JZUiKHoEDpsLvXfeqbZxV,0.51857173,2.0851445,0.33642018
7qaoXmlsSrndaQeDRPpOeW,0.92171544,3.147904,1.3706907
3nS9a01VvXHQriLqJYwRqG,1.1163363,1.6093684,2.805595
3SGgeDQ3cAuNSFb03PjXtv,-0.15337296,-2.9894702,0.2580709
4jMPZl0GrSFgbogJ0C6sNG,-1.2446474,-1.105434,0.90723723
2UrPiYObE8itBR1U44Zu3A,7.4938436,1.9958433,-3.2553396
4loM16743hROPC6uIJG6wM,-1.3050473,-3.0370686,-3.712826
1rBAQ9WFPubGtpqBbdCMDz,6.40729,-6.5975184,-1.3910872
7absBydFPWOevc81uVmFRv,1.9099641,-2.7421541,-0.54421705
03o9Cj2S5T56GeV9SeZNt0,8.395017,-1.8767877,0.10717854
0X6FcOUpLvpgRRCZNu9uYN,2.7880237,-2.3483164,-0.20696628
4zTPYAf5scZdp0LnwPPeWK,-0.3315078,-3.3037906,-3.296978
677KTHp39ZBJ9csDdgymI9,1.4630427,-2.9042003,-0.55296874
37WQ7WJ6FpU0qw4CLNn3Qj,0.51083434,2.0985696,7.0943246
0cEkKU1yLAiBRa8lai4AFi,3.1083393,6.345482,-1.5003833
6ede6Tky0YYKyUKqKuEpQf,-3.022971,1.0109209,-2.8334005
7knEYd7b0UcbjgChHX7QBq,0.2135597,6.933491,-1.1676991
1v6YDRVu8nrGI7uuq3ou6z,0.5846541,0.4570114,-3.5733776
38HkYfvnhHLLB5Yaj2VpZg,-2.1187265,-0.558638,0.6092836
7AzlLxHn24DxjgQX73F9fU,-2.1059427,3.8934104,1.4791315
527k23H0A4Q0UJN3vGs0Da,4.3735075,-8.894005,-4.5317826
6Ms3n5sUl0Bzg3bMCtUEAw,0.18040857,4.4682074,2.6357768
792HwhrdO3ErRKL5yRe4Ge,-3.705353,1.3028848,-5.21347
7mpoOB5YMpPnbllsALgSfr,-3.9788196,2.761915,-6.797549
2hyF1YWdX8yxExvRelT9nB,-4.691146,-1.236599,-1.8610921
62hpoPrA3rtfeX1aWONig5,2.3568158,-2.334654,-0.15187064
2iz3EDFoPOjPRZs9wt5iNh,-1.2418786,6.7976522,-1.4785022
0U4bETGvA2xw24gyTloxIJ,-1.0333972,-1.8704273,-1.6898589
0gO3E51A3fqp0ypJ26QbVP,-0.9403104,1.9913285,-8.236947
2nqwxfarxMCONwmfHIwMBz,-1.0643854,-3.4959788,-2.5584328
1sxGIhaxY8eF52e1TlShSP,0.22649147,0.39255917,-1.074335
2xv48INYWXzGfcHRUxekM9,-2.9255574,0.24892563,-2.809311
0UpAwxwPvGI1p4Mr5NQj33,0.69125307,-6.0875673,5.7011867
4zbSIYErBaRCPiZeodadtS,-3.6517498,-2.097378,-1.0690033
5qPfvvKDCoXG3rzgztsJQG,0.5169608,7.0533204,0.94544566
7uDTc1eJwsD7iMZLhdp8LH,2.6312628,4.0492024,1.7347895
1w9a84nSrTyjNjYviMYvJh,-2.030786,-3.752192,-3.8890116
6WGTfHSQtUcEx5vgpxTLCs,6.488083,0.4042101,3.8757553
34xlXbZ4Ws3GGpUKeimDu5,-2.0266213,-1.2208184,1.0792656
7KVPsVMOK3NL7subwJ0dZj,2.6213956,1.0090197,-4.6922827
7DHNcoR73yUYCSn6PqBgkH,2.2828417,3.5101578,2.2066455
5LowZZg0kBpXRLLEY0sO3Q,-0.535203,5.8416934,-1.812982
0svMvlBRBV78iydZcrJpiS,-3.066516,-2.068898,-1.6146013
6l1v3wHaVLh8fo8LXw4dXK,-0.9810715,-0.9295186,-1.8256234
5KglajBRaDVCtzJnLFc1Zr,-9.6112175,2.3789372,-2.037084
6M8Ufp43IoAcqmT5YsR7ti,0.43926445,-1.7513725,8.966341
0ohtAt5hP2mJ5b4S2liI83,-1.0536778,-0.5167196,9.612162
4TgHt7vKCimpywaiKfl0uj,-4.9402704,2.793842,-6.6244516
44gRhRi2OhEf7moAUj6MD1,0.64991564,7.8862143,2.51168
1orjH4IkSH9VrWmRCToKV8,-2.6041625,-1.2354472,-2.6644917
65jw6GhwQW3Db55PxlPEpS,1.380333,-5.651265,1.3795307
5RqR4ZCCKJDcBLIn4sih9l,8.909925,-1.7619395,0.29096696
3jGYpYY6jm48GArqKDnuwG,3.7545743,2.747989,2.6407351
5Zx9VpLotu9aFYqq61NAip,1.1716144,-3.6871855,-3.9311917
4dKe8YJZg545pXqWBksYIe,0.68607116,6.9566455,0.7847213
64YAQSR4jfmtHeJudcQix2,-0.101434946,-1.0357817,0.95898396
2NyrXRn4tancYPW6JwtTl2,2.9442036,2.2688591,-4.4048734
2HsSzwrvvgiYSCdsYLiJWB,-5.8975453,3.4217663,1.7948498
2t7D3y0jvYjR8IP9Bosyew,-2.8081257,6.8178086,-1.6462169
7LoHryKSypwGyBD2av1EMO,0.3986967,-3.6209235,-3.2013571
2KMPEI406H9G8UqiWDfuTK,2.996423,1.5587916,-3.775179
2o1dvKh58G11C51Y9EgBs3,7.166271,-2.0435412,1.7993672
2EsyJN3AvC3zBlkQpb119M,-4.379079,2.4550614,-1.7440735
4ZT9FnbFu1PaBfV3itxiqT,2.038273,4.1369185,3.6991901
2ImaJZH7XqxrzbQZpYDmol,7.5335255,-1.9927139,0.5620587
2XW3vH6ZqMHvlzUSfhWW2X,-0.51540154,1.9482079,-4.1226234
6HM2tjTLqJi0poAkCdnNTB,-0.34923273,7.0243645,-0.7111568
6FZxf8EQfIC4p6Tj4nL2Ha,-7.4198036,-0.22966564,-6.3565793
2jZx9wy7JVYYF2Yxe6fUNl,0.97064286,4.1520014,-1.0227444
1YARvmnEtIcMubDqNlUhEC,-0.67796826,4.5894146,-1.316996
1ZLY8266W29FyBgHtiJmt4,-1.4092708,-2.2819197,-3.4134326
1pN8csmizaC1a9HFFUgM3w,-1.120644,7.2539697,-0.96696305
21DGZdB8iX2fadmNTY41nh,-7.1915383,-0.6194304,-6.6712723
3HD4mD6I47qxVOEPaBpw9d,0.040949557,-1.2434707,2.5426116
7caP3UAf8ZtIMVpWfEIA4H,-0.37272546,-5.98105,1.2920351
3k0LQivRnB690bkznEXI1E,1.7758294,-8.381338,-0.2114169
2H7mCiabia6clVL6cW1lzr,-0.23755597,-3.7361312,0.84952617
1OxL1FWSEd7QmJoWLRP2NO,-1.8145028,3.749808,-1.8351763
2MbdDtCv5LUVjYy9RuGTgC,-1.144203,0.58091533,-4.953466
1b2C65g0kgbybIAeKCxRYl,-2.291874,4.120424,1.6866589
4fC5jw1TI59GH1emfN1wtk,-0.3981891,4.751126,0.55987704
7022xokeCJFSeZxw2npVkn,7.2663755,-2.4845588,5.217966
4UdzNCjI27SvzXvV1m0CKM,7.2439585,-6.1942906,-1.5050312
5WnfnSpuNEGXyEt78PBA6d,0.63672584,1.3690519,-3.1627893
7hsulgRNgbyczeAg8tChCB,0.5934827,7.9706573,2.6545534
76g74OXdHzpeE4hOnSOh4K,-1.9224935,0.9707016,8.397208
1IIKrJVP1C9N7iPtG6eOsK,7.971856,1.0458856,-2.2116215
7kFPIPe6jjhFtK97mpziyn,-0.035510123,-1.1472095,2.6820161
4F60iJFwx0G7x3SNjYWiZP,-5.036048,-2.2704923,-0.21680392
3wLtYwtqvKK2ewelSVPeDK,-3.8856568,-4.4645743,0.03494087
33EGYJLLwz56YIP5Ex9VKs,-1.8925277,1.5819958,-4.636536
3fVIFpU3VdSEoR82DaYe79,1.6769323,-3.856956,-2.7590187
40yJGQyEaBbIkXpwMFkXip,7.0634866,-1.5658023,4.8046737
3FWIAl04a9ySFhk4HH15ov,-0.7922784,-1.2217547,-0.10197912
2RTRLSd4UuKjqVqCNlzKqq,0.48610833,2.0803854,7.1590357
2fZTS0VboxRpF0FdfY7E5P,-1.7226629,1.0311728,8.282383
7y7w4tl4MaRC2UMEj1mPtr,-7.550604,5.7169027,1.3803556
66FgjA5ZQJJuypFG1bc8se,0.74413687,2.4850438,8.184283
0DosTwoHVAziTd3GfQNIef,3.4034452,-3.8654058,-0.11332607
1Ijup4lfXSi13pBDlYPoE1,3.1966147,-8.578675,1.2080184
57B8NfcWjnbNy3fn5UBiOs,-1.2381697,-2.4682133,6.4382906
6PJA2jO3ypW0W8Epuz6o06,-3.5939798,4.329275,2.8027713
2olrzccFLwng7YlHqMOgvL,0.7300056,3.2424743,1.4318966
6EDO9iiTtwNv6waLwa1UUq,-1.6405135,0.70432276,-3.2857733
35RJhm1pEovTBwnNR0zWad,6.076795,-1.6532668,4.8638673
0YizdApFI24c5SCQREguao,-4.973904,2.327198,-6.9142776
5Khwjfbk4urnvLBCVBo4sS,-0.012975695,0.3838839,8.060455
116H0KvKr2Zl4RPuVBruDO,0.8123397,2.8240907,3.8417006
63M8PK8yavNITSViKUB62p,-6.3687315,2.2142873,2.2326937
4OENnoidV0h8gJV6bhrw7r,-4.1937428,2.4147213,-5.4832373
7qKsAYVqMCatvJ4s7SQf8c,0.45109665,-3.0034425,-0.20656468
7iBKCNKl5UjxfOgyxnQ6q6,0.18771045,6.440516,-1.8137039
69CQe4ekUZ7txcSfEXYFW9,-0.9288728,-4.0353327,-3.257172
59LUh4amaXhgrWh6mWKbCn,-3.4279172,2.075075,2.7318826
3Z4iF2sFcW63WclmUYd7IE,-3.394446,8.270205,2.0893698
6mapJIPnQ23RTAevUoE0DL,5.265444,-1.3129226,5.263376
2TRu7dMps7cVKOyazkj9Fb,-0.0051352363,5.31257,-0.35950908
6MO2bfLHKykUgCChFdw91H,6.85871,3.4501421,3.3007467
6Oq4fiDzKaFMU89dTvM24u,0.014581472,-7.756671,3.679869
5f4TAyNRqDrxAOGzabEaXZ,1.6066409,-2.8132486,-0.66620237
6ZzYETKetIfNUsZUb23jgG,2.4368997,5.2881856,4.451787
6eEXaURTHcR5u8e9eQso0L,-0.26489493,-3.8295865,1.8140919
16ZzQo8IFilZ2gHizvGB5A,2.883285,-0.481811,-2.1707046
6j0teRL3WdExzqmy334sh5,-0.1252193,-0.8061299,-2.8187747
4x6pc9ms6gWpP8EiBLLuM8,-2.2302516,-3.8182042,-3.8855286
3vtSoQokbluZbNfVpZy162,2.1897829,0.27548435,9.185242
3A2OHirUAlQp2x73BJlEDA,-3.4399123,1.6192771,1.7952497
3RZftiuTcLOqpsd8ZlwNhr,0.21487415,-5.25346,1.1915305
2SAqBLGA283SUiwJ3xOUVI,7.36658,-0.95966184,4.4559565
0BSPhsCKfwENstErymcD80,-1.652659,6.3755283,2.027525
4Zjdzxx0dsavsr7Ehr8fGE,-1.6992365,-0.5391621,2.1297834
4immekPm8Har57BB9DcDSj,6.7255907,-1.9053507,4.679132
3pT00QwvR8AzFtL3hedljs,-2.109988,-1.0375774,2.6039898
6HfOzLLjsaXsehIFEsrxTk,-2.3512297,-3.0553358,0.32547745
6HicBL9RxtWwNK7sS2AHHU,-4.5191927,3.9589984,-5.458718
4IRMlZtGnV9q5pK4HSIQke,-5.20839,0.52436554,-0.048795845
6wQlT5VQU5eM4NYBIJ6wO5,3.643592,-9.42346,1.7770737
1Noe5fcm9FT2gcbDKJdBV1,1.1393343,-0.15458529,-5.859895
25Wq1OwZyKLMjVNXIhzVlV,-0.4897329,-1.1194192,1.1718888
6IParsannfwoLCcNSfxQPh,0.019145975,0.7478218,-0.6694249
26D2eFWhzC3GnL4lYwfKRm,-1.1846664,-2.8153996,-0.1589263
47k25JWFG1aLiaDjkIH10g,-0.5540675,5.40666,3.3770404
26eBPBSBwwK7AXdOYOQdM0,2.0946805,-2.6340122,-0.3600853
6BYPomivIjWbWAvrhplZCx,-3.377841,-0.7336815,-0.29841003
0X3SZlDR1k8tf2W8ENyMBD,0.6399539,0.70670414,-5.520482
3HnPbz5IlXUMuKpPzugLNt,-5.057158,2.7969325,-6.7151513
1EI5fPYwbCLDaxFHe7nFM2,0.6739123,6.7802687,2.0419927
1wYbhJBsA8CiqKvtJUFf1L,0.025587939,3.190549,-0.35832712
5pFn569bgXKoKIaF3LSfaI,0.2385511,3.103852,0.09802019
3mZNztgWFsvm9wfcqSOdKg,-4.014971,3.9089563,0.34842682
3yisGOceXfWUbv0DQ8n05e,1.0365032,3.0622835,0.55064166
2tDDQv6havDcaAEizQAwap,2.5577264,5.085459,-1.7048664
5nCL0ULKVpkeJdQJ4UYVAI,-3.6609812,-0.52476823,-0.4518255
2UYGC1AQpguCOBJRQUOeeU,2.245993,3.8774943,1.9438938
7bTSZA64kmmd2biBbcsCUk,-2.6865,-2.488856,-2.2775629
5UuU1fZixqwZRwjHYzWP0l,-2.9656305,2.919986,-7.5548096
5xKXcU8tpSYz7C7wrMMYec,2.3601518,3.7547932,2.0506454
7kFMvM2gUzVeW2ZlkKRhzu,-2.410064,-2.4509482,-2.6304383
6JzyJgeHSRS4aYiK5gt02M,-3.333778,1.8594079,-5.3672757
7KUb9G3NNqbQ8NPb2ccU3s,-1.3620296,2.2920249,-6.739812
3liqOtIOxObydJiqru2wr8,-2.4023008,2.2098176,-1.466564
434baZo99jvOx6y6oFeQZQ,-0.6247926,2.133943,-2.3703146
0fj9oGrCKxVA4sXDxvbfiM,2.5479746,3.8725922,2.1839845
42er1na9BHF1ERol51wg8M,2.8027313,3.9303217,2.1868691
3qzSfoByowr6tDfd08b0T0,-1.1829337,-8.707486,-4.3591027
3QqJ44HiM84iyZS0G2IKIP,-3.2000012,3.3373601,0.6774527
2r6OAV3WsYtXuXjvJ1lIDi,-1.673586,2.012775,-0.44002897
2SojLecJPW9zlNiwzDWmPv,-2.9658697,1.8352518,-2.533179
0VmbpCPAVUrZA4NQNNg5o6,1.2017909,6.836433,-1.494335
2FcxERmTy16Z6SIX31cBVc,-3.7892954,-0.38389593,-0.40458474
6QzkbRRLWTEcFE0NyOX1Dt,0.21273454,3.091049,-0.012397441
5e9aFSdnkQUrm5y8Dhw0qN,-2.1631055,-0.61339486,2.9167116
0qJeyYAgv6UpvewUxRXAhb,7.0295763,-2.0707867,1.657941
0PXp9QxBfSKGGpWUNaws2X,5.575264,-1.2086878,5.357716
1EIsJed40cd7Bcv8SXVdqA,-2.7866116,2.8012688,0.47399628
0FAVcgkURSS0Tl9BuefTOP,-7.7017612,0.15954465,-6.154063
4gLD5WN049g003wVc3a4fA,-0.91458756,2.39921,7.4384108
4XlyD28tQ6qdqNS2BkE1AF,-4.489891,0.65031093,-5.6523585
3OaunNUlXXs5e2PXtNAzzG,-6.9294715,-0.35000554,2.6581738
4QPEwDdOMhY7rNS05mTyMR,-2.7472348,4.199653,-1.309221
6UHfW9PmGAUjIVeIkPzPQ2,-2.5574825,0.8398071,-3.33078
2T5NBwKRySiCR78vVk08vr,-2.6100848,-0.1344305,-4.4396005
79vHcg0q40NY8PZ6Oyf0pA,-0.41883677,-1.0847949,1.212789
02kDW379Yfd5PzW5A6vuGt,-1.056452,1.8301691,-0.17276078
3tjFYV6RSFtuktYl3ZtYcq,-7.0722604,-0.49161357,-7.154627
24Yi9hE78yPEbZ4kxyoXAI,-0.50500005,3.0283604,-5.7194433
6QaUUedIYfMrOkWUQiekSP,-3.400679,-1.909181,-1.4643188
5kcnEzWNwbt0Rq0MwFAnGE,2.4935863,1.3173876,0.37916648
5Cg98kiDYtCEHmjcKD0CJD,3.894535,3.1021688,0.8645193
4VLTxHOyFX5FRtkpsFm5Pc,-1.9814677,4.0674815,-7.521307
3DqFP5KDbNeOWLxiDJqJRk,-0.4190297,3.014548,1.0003824
12NfmygEAtGPW44LNftXvo,-1.019884,7.410814,-0.31789553
76MjtLfZoTNc3BDqUVjuRH,-2.4020174,-0.11599554,3.2932565
0Tcw8w9pvPrZoORgxsNASW,-0.5645816,3.0480537,-8.347812
2kxWRS8ZcJZ51Dik5uKGK6,0.776678,3.5927224,8.300924
7l28SBHS3zmKDVnOzG8BM7,-1.0053178,2.2199576,-6.747718
3PEwQ1uaMwg0ehoTeVm7Yq,9.142098,-1.6029238,0.4031533
6IjpF2mfKL65rkfXluCoH4,-3.4079552,1.5057763,-2.2521458
4Boj4bBiDv6Ur1zKEvLXBI,-0.23071246,-6.2872148,1.3967019
1uqA51UNXPhVjIPpaqdUCb,1.5914499,3.456531,-1.8410554
7DTlsMOQjGysXHpwwpHuPl,0.52486354,7.9898133,2.7178771
33gwZOGJWEZ7dRWPqPxBEZ,-4.6833487,0.37732443,1.5446746
7v96VvFLS0wSYT8kewNLRy,0.091147095,0.11877527,0.77575827
341lTIxmhybbQsgydwJiFx,-2.309856,-0.038632955,-3.987572
45npF3MKvCa1sO7s4y7qBf,-1.0116035,1.214442,9.234322
3GXDBeiF8ATGHJNWLinWAA,-1.585077,-3.2659144,-1.7344321
5woaU1FNkqCwg6WzWiQPW5,-1.563288,-0.12577513,2.2783976
4nTIY6vSiw19IzzPKKqCU9,0.5074255,3.6361763,1.3376201
5Tv1W0NlpAngqoMvBHxBQv,-2.9671843,1.6307479,0.10949384
7IECs9d4Rrlpa7tiHOCE1w,-1.2052251,0.40409547,-3.4545238
4HSX752K4acry8NQ0ejySN,-0.7144749,-2.1752362,-2.030638
46i5sRsLbLWalZ1p2pw8Nf,-2.275224,-2.8112772,-3.4380994
2dzja72gQodveSpguIQGJl,3.5106206,1.4084983,-2.5733898
51C5DGEFEGVxvwdI4HHcHf,0.95521754,2.7063544,1.1939768
4jVBIpuOiMj1crqd8LoCrJ,-1.1540449,0.50507486,-3.4569783
7o3Mcis1uKcYDuuJD1W0Rm,-1.5881593,6.3616443,2.118558
1jWHtG4UXwH7JkEGY559Pa,-2.072705,0.73013663,-2.8382924
7CdoE8U5DwrwCaLoyf3ME0,-5.400495,1.0592772,-2.0045183
7FY9iaUUfT4zXQZpuTGsO6,-3.0222688,8.495853,1.83075
6vYwsEzVmWR9TnZFth3wqC,1.2114924,3.7559807,-1.5432369
7biBF046qv4PHqtRsYCcDD,-3.0049732,8.484257,1.8506527
3ruoIF2UnoXdzK8mR61ebq,-0.60437727,2.6569407,-0.9408652
4SCnCPOUOUXUmCX2uHb3r7,0.40376347,3.7644925,2.498656
62itulOgU4flQFuI7f7JF8,-3.986568,3.8470757,0.44611508
3WaDoMDQRqDdgtCDLxanpN,-2.2428486,-0.89813846,-0.11593793
7FtZFla3ZH6PqsAJ9MvVCM,1.599994,3.0589871,-2.0537648
6pcywuOeGGWeOQzdUyti6k,-1.8715794,2.0026262,-0.1203137
5SWnsxjhdcEDc7LJjq9UHk,-1.4366412,1.5582113,-0.908685
7fxSLnklnayJNBIKntXedZ,-2.4305434,-2.4755003,-0.28404462
4Q34FP1AT7GEl9oLgNtiWj,-2.952571,0.41452378,-4.81355
3ifZGNuf6QuGT03C8XfF6v,0.60303974,8.719708,0.0599048
42Tohunwlh34o0mgxYx5iq,-0.050358586,2.2583635,-8.423846
1RSzyxqtIO4yX3EyiV4zT5,-1.0422887,2.3557823,7.3490124
03eJ2DclFWXYU8GWgANdmZ,3.7663357,1.1148489,-2.1898594
3v84EI4rMdsqJ95MxwIjQa,2.9040577,3.3238938,2.6579626
5QIcibWJRQj5eqNvXljrMu,2.2305698,1.1317914,0.2922708
4Z5FyQlevoHoa5FsIVKZju,0.81380695,-4.908431,0.85677654
4MfMLSJD5dKW0zXa9daLmk,0.18135002,0.16796082,-1.0705842
6rVDrikWiM60hTlAxXbOjd,-2.0153048,-2.433609,-2.8461707
5mv3UGD6eeh6nMyWSzt8z3,-2.0249372,-2.2248156,-3.0035982
0pgeVJrdNok4KhbiM58ayZ,-0.31245697,6.135578,-2.34236
3z4CGd63tpUn9a6oQSG0CI,1.6389745,-0.39920327,-1.5630976
2qRN7PWiHRLprw4FpDeI9N,3.0784614,3.50054,-2.6492286
01IQ4aQgOf0Kkq3a273hmO,2.6480615,-3.9352145,-3.9223118
2WxUIiq06XXPYWl9YcRJnD,6.370932,-6.594748,-1.4117866
0jtsTHyFUH1p5sBC1J77NV,-2.2973604,4.120155,1.3702838
4DuUwzP4ALMqpquHU0ltAB,-0.5661817,2.0121186,-4.0399895
5nWVyZaCwtfAkBnwDuXjBh,-0.04409313,1.0271558,8.508364
77KMttn3Lic7ZQKDlPqp8v,3.0972855,1.0199803,-4.202607
5cz0T1Q8AmpY18TDLAe2ja,7.2591257,1.9541794,-3.9825501
33QXHN1SzNgHIRPr7qYknV,3.3932455,4.488633,2.346665
4x3mum2YGHtIBrgUKiNt4F,-2.437325,-0.2303625,-1.1130409
4SHKs8ugjoATC3MgVym7Gs,1.1017193,1.3623416,-1.8647939
0bMyxvtbPa7HFemLjzw0xX,-1.0229963,1.1792755,0.3996762
20m8ZHA6Jevqo1xnhQffQu,-3.2985115,-2.331134,-2.2231855
7wAFfH245FJP77ZugGVISe,3.1400275,3.7784064,1.3851873
5ruI0qfmxe4gNm1cWILqTw,7.4005256,1.973978,-3.3490055
7Ge141qhUeuglcOvgAkWBy,-0.6998148,-0.19657993,-5.034609
1nU6V2Fm6cirxXC82FYKjz,-2.3389852,9.000568,1.3609817
5n6gBhdEjCuj3obgCoTEFD,1.396717,-0.8358046,-1.516325
6zAXl7WqhGuOuTDkPDKQ7P,-1.9480687,-2.286071,-0.6170025
4wmZtoif8SGm7PDqgKrEXr,3.334581,1.5355759,-2.601342
2gC7erdFPRnp9ZQ3AXgfCv,-2.0105782,0.11649336,0.93108916
2ny1lTxfuQls8r5yX4Ad3g,-2.7415676,-2.647688,-0.48956192
5FDCDBFDKpf7TLzDx6r2Lp,2.451132,-0.5185501,-3.6329184
4Iedi94TIaB2GGb1nMB68v,1.8908979,0.732613,-1.3145317
6eVxH9Kyanzrw636zJRPcw,-1.8144833,-2.349376,0.025253596
7im3jaJBEYivH5JKXMh1Yy,-2.8352163,0.38304985,0.6964168
6CN7FuZ7o1xle9TNxApGeQ,2.6744642,8.298389,-0.7263541
0uinQuLSYDMua89kLVVnjv,-0.5752948,-2.3252926,-8.119144
5iZ5wjTTxSIv8Cfrhj6Jla,-0.68797106,4.779822,-1.3894469
26rIWI1QTPClaOOI4Kbxhe,3.2855315,1.0770674,-0.04191724
1GxoFQZxD7tFhQFUD9F0dD,-0.62072456,1.7912028,-6.4905295
6EW1fwOk4JHmTZKINZsyjB,2.3324234,5.252613,-2.0510457
3aQem4jVGdhtg116TmJnHz,2.8657992,-0.21135427,1.7470796
65OVbaJR5O1RmwOQx0875b,5.671344,3.6920736,4.983507
4FRW5Nza1Ym91BGV4nFWXI,-1.2573502,9.397251,3.9002013
3Kwdm0iLyEiRB8InsZoo6n,6.0560718,-2.2260995,4.3058553
4ywUkS8jnN4Y3kZs4w5eCy,4.5558066,1.2865244,8.598686
3UDvm8ln2Xo11NZY34lT9G,8.077054,-1.6957008,-0.9911409
0BQW4HPxTjhPFfgVbbsmLR,4.4116316,1.3035644,8.590464
77Htork44CSMkOJLfGJIaA,4.4200473,1.2970061,8.58617
4pRTJT48FTbURaikYmSCYh,-1.5595828,-3.823812,6.5238585
67BtfxlNbhBmCDR2L2l8qd,1.5537195,-3.4936616,-8.43115
4iJyoBOLtHqaGxP12qzhQI,5.182081,7.2806993,-1.9628855
1EJIcDYXwSqipW5dFe4uJz,-8.265046,0.43607292,3.7574573
6BvcWv1vfVJSoWix7L5BAP,-2.3901045,8.406921,-3.3739674
43PGPuHIlVOc04jrZVh9L6,5.666721,0.7276301,0.8751045
1dg3qy5DjoJodawfOCgrTP,5.0573125,4.411036,-4.3226247
4eNOLmx8r2IJAVKvBBL1jv,4.90597,0.21326186,0.7534607
3J8EOeKLTLXORtWPpOU5bE,6.6673517,0.43263,1.9625791
6toQdWWc4noiOk3Eo5mVDS,-0.21242793,-8.006202,1.8984897
78kRuYSCcGacK4Yyrf99mm,4.565849,1.3092066,8.607129
57VeLYXrvNxe8Vs18K2M9W,8.443649,-1.5923926,-1.7036332
0YrKSfpvflYnLSBd4Jtu6J,4.814255,0.11361842,0.56259847
4ELmykSaWrdjQS5iADqHxS,-2.2754095,-7.825579,1.3314307
7o4gBbTM6UBLkOYPw9xMCz,8.408976,-1.6496229,-1.2549714
6rTInqW3YECMkQsBEHw4sd,6.6417437,0.45050964,1.7674563
1IIKrJVP1C9N7iPtG6eOsK,7.9883227,0.98717284,-2.1472201
61Oo3DUJubecZQosjho6Pp,-4.5284514,-0.3637654,-5.8801193
2YVt7k1qZXFhzYDe8FMDW6,4.005164,-1.1767886,0.9215878
58AGoOGbwsQMhBbH0eFLRR,-3.3919005,0.29535747,-6.8019676
26rIWI1QTPClaOOI4Kbxhe,3.3262577,1.056291,-0.052504525
1GxoFQZxD7tFhQFUD9F0dD,-0.4828938,1.6861806,-6.489394
6CN7FuZ7o1xle9TNxApGeQ,2.7078118,8.302737,-0.6806493
5FDCDBFDKpf7TLzDx6r2Lp,2.5251043,-0.6628701,-3.7606444
3DhQknNJsPtkRj1D7bxjvl,2.302464,5.759239,-1.6033561
3shHzEWwP2671lV4AscHhZ,-1.3919317,-5.3880215,-5.628282
37lmrBNccDerxQfPb6mFaB,0.55427253,-10.901703,0.91672456
5lw8Mgb4LyhriPIC86gV6e,-2.1582112,-2.6931527,-8.4426155
0wUnKWRBSBG4BN3WJPCLws,3.2138047,-2.5914392,-4.2391047
4TIqzdAssasqx3DAe6cG9J,5.128756,3.852645,4.6729665
3JVTsvTldB6arHVlmxmTnM,-2.8505676,3.0993836,-3.461355
2gyYjQWXKxemhAyMPgctIx,-2.509925,6.0338273,5.012007
67ZJlVhmUeJI583DwI1oYw,-4.311352,-6.1283717,1.2990011
4LfTJmk4x4aCM2ggMvgRCM,-2.493223,-1.3340601,-4.7958136
4XVoOlgRCYC8yssdOBmLPF,-1.0418087,-1.7942063,1.8067843
4JJcP0Rv9AgyPD6ZGaC8EE,5.4664054,3.1665664,-4.133075
0mG6igzxbH55XRyq3ygEh8,1.508549,-3.8192673,-8.239801
637YZncqOkeFzcTmr7YijJ,5.6680236,0.4430349,1.1198491
3mXOssdHHkN6AvLw6ZgKiL,1.513675,-3.8869748,-8.243299
1JXBNvlDEl2epKSJ9EOgKX,4.835785,3.6447353,4.3870573
4sbyUpMYCeJXwZicQV9YrE,2.9344008,7.782626,1.125825
3yaYgjEFkRw3PVjW9mV1TO,2.8105903,-0.26223513,1.7142663
7s2EPEksVMUpvoIC1YGbKq,4.64326,0.118586704,0.9512746
4B18CycK7KwC8gC1pQ4Az5,4.053796,-1.032892,0.941425
4CyNQIQasNUfpT9nrnmX0S,-4.329508,-6.02338,1.2968528
6iBlllot0wdy8f7V5t8OnR,-3.88708,6.283749,-7.1094728
5KQxun2WxwDMsV7HCN2ONK,5.0382543,4.3664446,-4.2416043
26LC5kDFE0vWJzVyaENajX,-3.68121,-7.0367084,-3.504622
4mOkfIYbMX9PXx27hj8NTi,2.6725814,-0.36604258,1.7422898
5cX92psZ1aSHr6rTmGQMps,-3.0060441,-7.6080804,0.9790417
0Ddk8Ha9xW6332fYrMVtTa,3.2329664,7.9270134,0.59857345
4VYEnxm7lmtG5sEEbcmORB,6.2591043,0.26503208,1.5221192
6DZz58CbF0AKw5PCKqNKcM,3.733885,5.421042,5.448963
0RbW8kWozrVSIGb4V13o0o,3.4786146,5.402395,5.016759
0Zm7NKJgoKY6ZWwtoEUILK,6.2046404,3.430429,4.9810257
42ZrMq4BKsWDrrbMnMRYaK,3.4699025,5.440251,5.128209
7Bpx2vsWfQFBACRz4h3IqH,6.080739,3.5328913,5.1078053
37Nqx7iavZpotJSDXZWbJ3,6.2999954,0.44893292,1.3845048
40iJIUlhi6renaREYGeIDS,6.2310276,3.5282817,5.436975
0k1WUmIRnG3xU6fvvDVfRG,7.1214685,2.166283,3.240786
2BcMwX1MPV6ZHP4tUT9uq6,6.7715435,0.47805494,1.8528152
08XWh5c0BMyD1nKVxxl91z,7.788461,0.55571365,0.34653193
50ceCGZ3oD3U5caQV5bP6f,-2.0888731,8.767688,-3.4046073
4s7QLoImIwmPi9L6dq1nVW,6.3112593,3.6709712,5.5627227
7F9cT6hIRhnFCYP6GKS0tf,4.3261313,1.6228372,5.868957
6pmNoWKk0r6zfIjWneJRxR,1.5303104,-3.8228157,-8.187493
1Is8hGpkGMiePASAxBluxM,3.3067405,7.9942284,0.39125493
0e8nrvls4Qqv5Rfa2UhqmO,3.4551284,8.036317,0.35688984
5bBzkJE9BqYTL27webAUCw,5.444316,3.0804827,-4.03747
34D6FJysnQioVingDKufuf,5.081944,4.1152353,4.796343
4yNoUQkYf1QF8iYlEzNynH,5.466323,3.4710069,-4.1335263
5JrljwNvTFN6y7b5a5Nzq7,7.6536455,3.4734175,0.47668704
6oFJuAS9OYFfMRFJ08SI1S,2.840519,7.560563,1.7429327
